pid,public.0,void.0,addPKColumn.0,String.0,aPKColName.0,throws.0,IllegalArgumentException.0,Column.0,col.0,=.0,Column.1,colMap.0,get.0,aPKColName.1,if.0,col.1,==.0,nan.0,throw.0,new.0,IllegalArgumentException.1,"""The column |"".100",+.0,aPKColName.2,+.1,"""| does not belong to the table |"".101",+.2,name.0,+.3,"""|"".0",pkColumns.0,add.0,col.2,code,participant_summary
136,0,0,14,6,4,6,2,0,4,1,4,21,7,12,0,1,1,2,0,1,7,0,0,0,0,0,0,0,0,0,21,6,1,37,8
176,5,3,10,8,6,1,1,0,3,0,0,13,0,2,2,2,0,2,2,0,7,0,0,0,0,0,0,0,0,0,7,1,0,28,5
155,5,3,18,29,14,4,0,9,9,2,10,37,10,8,3,7,0,4,1,0,7,0,0,0,1,0,1,0,0,0,21,7,1,68,36
117,4,9,22,24,17,0,0,3,2,0,2,4,2,1,0,7,1,3,0,0,15,0,0,0,0,0,0,0,0,0,2,0,0,68,10
166,0,0,0,0,0,0,0,3,0,0,0,0,0,0,0,2,3,0,1,3,14,0,0,0,1,0,0,0,0,0,1,1,0,19,15
317,0,1,2,1,1,0,5,0,0,0,0,3,3,2,0,9,0,1,3,1,3,1,0,0,0,0,0,0,0,0,6,0,3,100,19
168,0,1,2,1,3,1,1,0,0,0,2,5,0,4,0,1,1,4,1,2,13,0,2,0,0,0,0,0,0,0,2,0,1,73,16
319,0,0,0,0,0,0,0,0,0,0,0,0,0,0,0,0,0,0,0,0,8,0,0,0,0,0,0,0,0,0,0,0,0,9,5
186,0,0,0,0,0,0,0,0,0,0,0,0,0,0,0,1,0,0,0,0,6,0,0,0,0,0,0,0,0,0,0,0,0,9,1
182,2,0,6,11,6,1,5,2,3,1,5,15,2,6,0,4,2,1,1,0,3,0,0,0,0,0,0,0,0,0,2,0,0,47,75
310,0,0,0,0,0,0,0,0,0,0,0,0,0,0,0,0,0,0,0,0,0,0,0,1,0,0,0,0,0,2,0,0,0,4,0
129,0,6,24,6,25,0,0,0,1,0,7,3,0,2,0,1,0,5,0,0,7,0,0,0,0,0,0,0,0,0,0,2,0,64,29
111,0,0,3,3,1,0,0,1,0,0,0,0,0,0,0,3,0,5,0,0,6,2,0,0,0,0,0,0,0,0,0,1,0,16,26
313,9,8,6,14,12,2,5,0,3,0,3,14,1,2,1,1,0,1,4,1,12,1,2,0,1,0,4,0,0,0,4,1,0,32,13
315,0,2,25,3,3,0,0,4,7,0,5,7,2,10,0,0,1,7,0,0,4,0,0,1,0,0,0,1,0,0,1,2,0,31,32
133,0,13,20,13,14,6,16,9,4,0,9,25,3,2,0,4,0,7,11,3,8,0,0,0,0,0,0,0,0,0,9,3,1,87,30
143,0,0,9,7,5,1,0,1,0,1,0,3,0,1,0,1,0,0,0,0,3,0,0,0,0,0,0,0,0,0,2,0,0,12,8
311,0,5,10,11,2,1,1,6,1,2,0,4,8,1,0,1,0,1,0,0,7,1,0,0,0,0,0,1,0,0,4,0,0,31,24
314,0,0,1,0,1,0,0,0,0,0,2,19,0,13,0,0,1,4,0,0,14,0,0,1,0,0,0,0,0,0,1,0,0,15,9
106,3,3,18,10,13,0,0,3,1,0,0,2,0,0,0,2,0,0,0,0,14,0,0,0,0,0,0,0,0,0,0,0,0,240,52
318,0,0,6,0,0,0,0,0,1,0,1,0,0,0,0,0,0,0,0,0,0,0,0,0,0,0,0,0,0,0,1,0,0,16,22
147,0,0,18,12,11,1,1,5,5,1,14,27,0,1,0,2,1,0,1,6,6,0,0,0,0,0,0,0,0,0,3,2,0,32,43
191,0,3,4,2,4,1,0,1,2,2,0,9,7,1,0,2,2,4,2,0,0,0,0,0,0,0,0,0,0,0,9,0,0,30,12
189,0,0,14,0,2,0,0,0,1,2,8,11,20,2,0,1,3,3,0,5,5,0,0,0,2,2,0,2,0,0,2,0,2,50,7
316,0,0,22,13,0,0,0,0,1,0,2,0,0,0,0,0,0,1,0,0,5,0,0,0,0,0,0,0,0,0,0,0,0,38,40
139,2,0,18,9,14,1,9,1,6,2,9,17,4,15,0,2,0,7,1,0,16,0,0,0,0,0,0,0,0,0,0,1,0,52,41
