pid,public.0,void.0,testOneTwoThreeCreateCycle.0,throws.0,Exception.0,IRodinFile.0,ctx.0,=.0,createRodinFile.0,"""P/x.ctx"".0",createDependency.0,ctx.1,"""y"".0",createData.0,ctx.2,"""one"".0",ctx.3,save.0,nan.0,TRUE.0,runBuilder.0,IRodinFile.1,cty.0,=.1,createRodinFile.1,"""P/y.ctx"".0",createDependency.1,cty.1,"""x"".0",createData.1,cty.2,"""two"".0",cty.3,save.1,nan.1,TRUE.1,IRodinFile.2,ctz.0,=.2,createRodinFile.2,"""P/z.ctx"".0",createData.2,ctz.1,"""three"".0",ctz.2,save.2,nan.2,TRUE.2,runBuilder.1,"""CSC extract /P/x.ctx"".100","""CSC run /P/x. csc"".101","""CSC extract /P/y.ctx"".102","""CSC extract /P/z.ctx"".103","""CSC run /P/z.csc"".104",code,participant_summary
117,0.04881228571425059,0.025000999972689897,0.045834124968678225,0,0,0.03333299999940209,0.016666999959852546,0,0,0,0.016666999959852546,0,0,0.10000400000717491,0,0,0,0,0,0,0.03541891665857596,0.03055716667828771,0,0,0,0,0.05357442857764129,0,0,0.03333299999940209,0,0,0,0,0,0,0.024999499990371987,0,0,0,0,0,0,0,0.04444566665915772,0,0.05000099999597296,0,0,0,0,0,0,0,0.3539353137249218,0.21326572727147405
166,0,0,0.01666950003709644,0,0,0.01666650001425296,0.05835300008766353,0,0.09166900004493073,0,0.047618571419401894,0.024998000008054078,0.05000699998345226,0,0.03333099989686161,0,0,0.0166669999792551,0,0,0.0500009999377653,0.0833376666996628,0,0,0,0,0.05000119999749586,0,0.016667000018060207,0.06000140001997352,0.03333200002089143,0.04166549997171387,0,0.052384714296619804,0.04167000000597909,0,0,0,0,0,0,0.054171000025235116,0.016666666565773387,0.10000166665607442,0,0.06666800001403317,0.061111999986072384,0.0166680000256747,0.07500699994852766,0,0,0,0,0,0.48206892306916416,0.3769722352804178
317,0,0.0333360000513494,0.04803994117879912,0.03889066667761654,0.03095428572435464,0.016666666662786156,0.033340000023599714,0,0.03703911109672239,0.016667000018060207,0.05000149999978021,0.03000160000519827,0.03333500004373491,0.043336400005500764,0.02381028571731544,0.013889999982590476,0,0.016666000010445714,0.023334200005047025,0.033332499995594844,0.03750087501248345,0.016665999952238053,0.02222300002661844,0.016666999959852546,0.043593076921891995,0,0.02291775000776397,0.03333300002850592,0,0.008333499979926273,0.04999999993015081,0.016667000018060207,0,0,0.03333600002224557,0.016667499963659793,0.027781000031003106,0.016666000010445714,0,0.0833332500042161,0.016667000018060207,0.016666599991731347,0.03333800000837073,0.050002000003587455,0,0.022223166675151635,0.026667799992719666,0.025001000030897558,0.016667999982018955,0.02222366665955633,0,0,0,0,0.45129995192669764,0.12615494827282261
168,0,0,0.06667200004449114,0.025001000030897558,0,0.01666799996746704,0,0,0.023336399986874312,0.03750049995142035,0.026193999984700764,0,0,0,0,0.03333800000837073,0,0,0.022917249996680766,0,0.02916687502147397,0,0.016667000018060207,0,0,0,0.016671999997925013,0,0,0,0,0,0,0,0.04583449999336153,0,0,0.016666999959852546,0,0.02166659999638796,0,0.016667000018060207,0,0,0,0,0,0,0,0.041677999950479716,0,0,0,0,0.24417600000015227,0.13565236111268555
111,0.03611433333329236,0.09166999999433756,0.08728299999998662,0,0,0.048150555557286784,0,0,0,0,0.04666859999997541,0,0,0.04359284615314279,0,0,0.02083325000057812,0.06666799999948125,0.016671999997925013,0,0.04583499999716878,0.016666499992425088,0.03334100000211038,0,0,0,0.06548057142728274,0.03333899998688139,0,0.05277899999540144,0,0.03889033334174504,0.016666999996232335,0.022223666669257607,0.024999500004923902,0.043753125002695015,0.06111366667513115,0,0,0,0,0.025000249999720836,0,0,0.09167000000161352,0,0.06666871428024024,0,0,0.016666000010445714,0,0,0,0,0.5233522444429884,0.0979182499977469
315,0,0.03333300002850592,0.030797978262062712,0.01666660001501441,0,0.016669999982696027,0.03333350000320934,0,0.02705003278898686,0.016668777777037274,0.030954749992815778,0.033333999977912754,0.02143071429704183,0.025001357139054953,0.02142714285790654,0.030955142848792354,0.016666000010445714,0.018519000001510397,0.020000399998389186,0.03333666664548218,0.03611283333642253,0.016667000018060207,0.016666999959852546,0,0.054167249967576936,0.033334999990818855,0.020001000008778646,0.05000899999868125,0,0.02500650001456961,0.025001000030897558,0.03333750000456348,0,0.016666999959852546,0.016663666678747784,0.028573428555059115,0,0.016666000010445714,0,0.026190214279007966,0.029170250010793097,0.05000099999597296,0.03333200002089143,0.03333379999967292,0,0.03333299999940209,0.033332666653829314,0.05000160001218319,0.041672499995911494,0.01667399995494634,0,0,0,0,0.41302042857137417,0.1826068681356456
143,0.016667000018060207,0.022224333331299324,0.037501021737546616,0,0,0.02916739998909179,0.016666999988956377,0.016666000010445714,0,0.041668499980005436,0.031251125004928326,0,0,0.02307746153494988,0.10000500004389323,0,0.02083699999639066,0.03333300002850592,0.03333899998688139,0,0.01666680001653731,0.08334000004106201,0,0,0,0,0.03500060000224039,0,0,0.05000449999351986,0,0,0.05000099996686913,0.027778000008159626,0.033339999994495884,0,0.016666333346317213,0.016666999988956377,0,0.017709374998958083,0,0.01666733333452915,0.016667000018060207,0,0.016666499999701045,0.016666000010445714,0,0,0.03125212500526686,0,0,0,0,0,0.7194710238088321,0.20608962162293973
314,0,0.048150444445329614,0.052323101263764445,0.04000100000412203,0,0.03684257894546088,0.058332500033429824,0.008333499994478188,0.035186333345740825,0.050004999997327104,0.04815014814785509,0.030555499989228945,0,0.04629811111954041,0.0166675000024649,0,0,0.06000460000359453,0.022221999999601394,0,0.04166899998381268,0.02592788889240991,0.025001500005600974,0,0.03205307692405768,0.016666499999701045,0.04166824999265373,0,0,0,0.023333399993134663,0,0,0.016667000018060207,0.024999749999551568,0.04166699998313561,0.08750450001389254,0,0.022223666669257607,0,0,0.01666899998963345,0,0.050001999974483624,0.016666999988956377,0.0583355000053416,0,0,0,0,0,0,0,0,0.9921222750024754,24.913013500000588
312,0,0,0.05463188889229463,0,0,0.033335499989334494,0.008333000005222857,0,0.1013925416530886,0.0266677999868989,0.06000289999647066,0.0833369999891147,0,0.033334125007968396,0.08889266670060654,0.038334799977019426,0,0.08750224998220801,0,0.03333499999716878,0.027778000027562182,0.024999500019475818,0.016668499971274287,0.016666000010445714,0.052440926824446496,0.02333389999112114,0.060419437497330364,0.053031500000294975,0.03333399991970509,0.03148222219250682,0,0.02179599998411364,0,0,0,0,0.038888999998259045,0.016666000010445714,0.03333999996539205,0.045833249983843416,0,0.04166900005657226,0,0.050001999945379794,0,0.041669500002171844,0,0,0,0.04166816669749096,0,0,0,0,0.566008469393971,0.11667049996322021
139,0,0,0.0552641578945584,0.016666666667030466,0,0.0317725000001019,0.02777888888906293,0,0.04537208333335406,0.04894150909097913,0.036520764705849564,0.01999980000036885,0,0.04750224999970669,0.02638933333325137,0.0333334000002651,0.03333300000122108,0.031251833333499235,0.016665999999531778,0.030002199999944423,0.03889091666648407,0.025002750000567175,0.016665999999531778,0,0.05833424999991621,0,0.025000999999974738,0.016671499999574735,0,0.1166704999996,0.04166700000041601,0,0,0,0,0,0.019443666667333066,0,0,0.025003999999171356,0,0.04167000000052212,0,0,0,0.06333499999964261,0,0,0.06055913333317828,0.027779000000615877,0,0,0,0,0.7141502711864154,0.4484144230768484
