pid,public.0,void.0,updateSchema.0,String.0,kind.0,SchemaTO.0,schemaTO.0,try.0,restTemplate.0,postForObject.0,baseURL.0,+.0,"""schema/"".0",+.1,kind.1,+.2,"""/update"".0",schemaTO.1,SchemaTO.1,class.0,catch.0,SyncopeClientCompositeErrorException.0,e.0,LOG.0,error.0,"""While updating a user schema"".100",e.1,code,participant_summary
136,0,0,0.016666000010445714,0.016667000018060207,0,0,0,0,0.06538823080392411,0.02166799996048212,0,0,0,0,0,0,0.07500250008888543,0,0,0,0.058335999958217144,0.022550470579196426,0,0,0.058336000074632466,0.049999000038951635,0,1.5846763846392815,1.2250545001588762
176,0,0.026388499963407714,0.03416869996581227,0.016667500021867454,0.033335500047542155,0.026667800033465028,0.0166680000256747,0,0.03167090006172657,0.08750299998791888,0.06944666670945783,0,0,0,0,0,0,0,0,0,0.1166709999088198,0.028334800014272334,0,0,0.025003000046126544,0,0,1.1978036153595895,0.41906407137867063
155,0,0,0,0,0,0,0,0.05000099999597296,0,0.2083439999842085,0,0.016666000010445714,0.04166699998313561,0,0,0,0,0,0,0,0,0.059128809531795834,0.09166499995626509,0.137507999985246,0.05278099999607851,0.016666999998657655,0,1.012373240001034,3.108453000022564
117,0.05595499999721402,0.03888983332823651,0.06309714286388564,0.030556666664779186,0.016671999997925013,0,0,0.03333499998552725,0.06333399997092784,0.04666859997669235,0.03333299999940209,0,0,0,0,0,0,0,0,0,0.016666999959852546,0.029167699997196907,0,0,0,0,0,0.9958730681801998,0.45255308695967594
166,0,0,0,0,0,0,0,0,0.045833000040147454,0.016657999949529767,0,0,0,0,0,0,0,0.14999999990686774,0,0,0,0.03631171426968649,0,0.02777966664871201,0.036113111108231045,0.03571399999782443,0,0.9409445909127085,0.08991463158867861
317,0,0,0,0,0,0,0,0,0,0.06667199998628348,0,0,0,0,0,0,0,0,0.016666999988956377,0,0,0.01666750000731554,0,0,0.016669999982696027,0.016667000018060207,0,0.6383588000026066,0.04062643750148709
168,0,0,0.027382571424823254,0.03333800006657839,0,0.016666000010445714,0,0,0.029862166663709406,0.04047714285219887,0.016669999982696027,0,0,0,0,0,0,0,0,0,0.016667000018060207,0.03541712499281857,0,0,0,0,0,0.4964834393935179,0.2637001142770584
319,0,0,0,0,0,0,0,0,0,0.03333500004373491,0,0,0,0,0,0,0,0.033333999977912754,0,0,0.016666999901644886,0.02777766661408047,0,0,0.0208344999991823,0,0,0.42977885715663433,0.13666869999142364
186,0,0,0.016667000018060207,0,0,0,0,0,0.070837000006577,0,0.050007999991066754,0,0,0.01667100004851818,0,0,0,0,0,0,0,0.07500100001925603,0,0,0,0,0,13.192182799999136,0.1704599090788344
182,0.016666000010445714,0.0500025000073947,0.04166600000462495,0.016666999959852546,0.044446333311498165,0.0333353333408013,0,0,0.10000400000717491,0,0,0,0,0,0,0,0,0,0,0,0,0,0,0,0,0,0,0.3984274285695782,0.21423602438668107
310,0,0,0,0,0,0,0,0,0,0,0,0,0,0,0,0,0,0,0,0,0,0,0,0,0,0,0,0.1309581428400374,0
129,0,0,0.02083300001686439,0.016666000010445714,0,0.03611216667923145,0,0,0.016667000018060207,0,0.016667000018060207,0,0.016667000018060207,0,0,0,0,0,0,0,0,0.061113000013089426,0,0,0,0,0,0.9758296190494937,0.6557537499902537
111,0.027778999996371567,0,0,0,0,0,0,0,0,0.03055566666686597,0,0,0,0,0,0,0,0,0,0,0,0.057051692306861065,0,0,0,0,0,0.38334424999993644,0.06667000000015832
313,0.058334500002092685,0,0.025001749978400767,0.05416856250303681,0.0291667500132462,0.031373588239897374,0.033334499996271916,0.050002000003587455,0.03125,0.059525499997627254,0.038890333322342485,0.016666999988956377,0.028431823537068662,0.01666666668218871,0.026668599992990493,0.016666999988956377,0.03947568421350106,0.029168374996515922,0.026669499996933153,0,0.10000249998120125,0.03240844444210072,0.016672999976435676,0,0.016667000018060207,0.06905371428417441,0,0.8678584583342146,0.39929126086897904
315,0,0,0.029165999992983416,0,0,0.0208357499941485,0.05278033333403679,0,0.03125137500319397,0.03333300002850592,0.016668999975081533,0,0,0,0,0,0,0.06666849998873658,0.03333399994880892,0,0,0.03650985713327481,0,0,0.03333800006657839,0.022221999999601394,0,1.3303526363610714,0.1250050000057349
133,0,0.015277999996518096,0.040001800004392865,0.03888900003706416,0,0.05000233339766661,0,0.06249849998857826,0.03083340001758188,0.03541799998492934,0.03500080001540482,0.016667000018060207,0,0.024999500019475818,0,0,0.02500050002709031,0.027777666691690683,0.033334000036120415,0,0,0.03846269233438831,0,0,0,0,0,1.153569615401256,0.28911241536888366
143,0,0.024999000001116656,0.043055833336741976,0.020834749993809965,0,0.01666650001425296,0.016666666672487434,0,0.03166699999710545,0.04375350000918843,0.03888866666238755,0,0,0,0,0,0,0,0,0,0,0.04791999999724794,0,0,0,0,0,1.2077364615375141,0.15238733332842544
311,0.03888900003706416,0.022225666635980208,0.03461799999842277,0,0.016669333330355585,0.03333333336437742,0,0,0.03541774999030167,0.03889011111783071,0.033335285677042394,0,0,0,0,0,0,0,0,0,0.016666000010445714,0.02222366665955633,0,0,0,0,0,0.7120270800124854,0.2920938249968458
314,0,0,0.06667499998002313,0.06190699999569915,0.02666999999783002,0.02666769999777898,0.041669999991427176,0,0.040478571430347596,0.06184478947436314,0.03125162499600265,0.03333366665174253,0.045000099987373685,0.024999999994179234,0.03541612500703195,0,0.033334444441910215,0.03333299999940209,0.06666950002545491,0,0,0.031251916664283876,0,0,0,0.05000099999597296,0,1.866045749999709,0.174212880952317
318,0,0,0,0,0,0,0,0,0,0.11666900001000613,0,0,0,0,0,0,0,0,0,0,0,0,0,0,0,0,0,0.30239121429622173,0.11111883331129017
147,0,0.041669500002171844,0.048335080021061,0.045833999989554286,0,0.05000000004656613,0,0,0.04966784000396728,0.05043978948072579,0.025002833319983136,0.016666000010445714,0,0,0,0,0,0,0,0,0.06666939998976887,0.03833560001221485,0,0.033335499989334494,0.03809599999138819,0.016675999970175326,0,1.0115766538387665,0.2948031041572297
191,0,0.0666720001026988,0.02916850001201965,0,0.02500050002709031,0.037499999976716936,0,0,0.029999000020325184,0.03666880000382662,0.016667000018060207,0,0.03125150001142174,0.016666999901644886,0,0,0.0166680000256747,0.016666000010445714,0.016665499948430806,0,0.016668999916873872,0.02500500000314787,0,0,0,0,0,2.278424666651214,0.15554700000211596
189,0,0,0.02708524999616202,0.02291799999511568,0.019447333344335977,0.016666999988956377,0,0,0.0260424374955619,0.04027941667542715,0.008336500002769753,0,0.033334000007016584,0,0,0,0,0.016666666662786156,0.03333300002850592,0,0,0.02729965517787134,0.016667000018060207,0,0.041667699994286524,0.040001800004392865,0,1.5869040526342455,0.07333619999699295
316,0,0.0416689999983646,0.04222286666821067,0.030001900007482617,0.06666800001403317,0.016667000018060207,0.025000000023283064,0,0.029166749998694286,0.03518666666544353,0.0166669999792551,0,0,0,0,0,0,0,0,0,0,0.0448291379243842,0,0,0,0,0,0.6293900952316888,0.12727695454536428
312,0,0,0.016667500021867454,0.05000000004656613,0,0,0,0,0.06222526667018732,0.02500500000314787,0.027778666699305177,0,0.03333300002850592,0,0,0,0,0,0,0,0,0.043334499991033226,0,0,0,0.03333300002850592,0,0.8714606428153014,0.12222816663173337
