Participant,Quality,Method,functiondeclaration_FD,conditional_statement_FD,parameter_FD,variable_declaration_FD,loop_FD,argument_FD,functioncall_FD,externallydefinedvariableorfunction_FD,conditionalblock_FD,return_FD,exceptionhandling_FD,comment_FD,externalclass_FD,variable_FD,assignment_FD,literal_FD,operator_FD,operation_FD
155,2,testSetWelcomeMsg,0.0166670000180602,,,0.3158454499789512,,0.07361425002939831,0.2538801785600038,,,,,0.0,0.1833440000191331,0.0483345333292769,,0.0,,
166,2,testSetWelcomeMsg,0.0333329999120906,,,0.1489655000186758,,0.0222236666983614,0.0770892499713226,,,,,0.0,0.0,0.0583370000240393,,0.0,,
168,2,testSetWelcomeMsg,0.0484876363771036,,,0.1214291429454792,,0.0625004999941058,0.069446999967719,,,,,0.0,0.0,0.0,,0.0,,
311,1,testSetWelcomeMsg,0.0416684285903881,,,0.2787504606202918,,0.077778666683783,0.0888906745212373,,,,,0.0,0.0380967142659106,0.019445500006744,,0.0,,
318,2,testSetWelcomeMsg,0.0,,,0.0,,0.0,0.0,,,,,0.0,0.0,0.0,,0.0,,
147,1,testSetWelcomeMsg,0.0656315624291891,,,0.1632944722498195,,0.0894466000182243,0.09835295189411081,,,,,0.0,0.0,0.0424256363820115,,0.0,,
312,0,testSetWelcomeMsg,0.0678609999844671,,,0.2560979008086999,,0.0888910000018464,0.09365257145726069,,,,,0.0,0.0,0.0,,0.0,,
319,1,getTargetServiceName,0.0,0.0,0.0,0.0333310000132769,,,,,,0.1666710000135935,0.0,0.0,,,,,,
129,2,getTargetServiceName,0.0932711481366788,0.0416685000236611,0.0,0.19889095839025667,,,,,,0.13343741667770131,0.0,0.0,,,,,,
315,0,getTargetServiceName,0.0921598529778693,0.025000000023283,0.0600771977877049,0.1048875214386497,,,,,,0.22525615681147662,0.033332999941194305,0.0166669999598525,,,,,,
176,1,searchRecipe,0.18058582809975438,0.5655656865214511,0.1166733333375305,0.0574104444434244,0.49620607136270245,,,,,0.0270843750040512,,,,,,,,
186,2,searchRecipe,0.0,0.0,0.0541685000353027,0.0,0.0,,,,,0.0,,,,,,,,
129,0,searchRecipe,0.085041113633038,0.31205699298686007,0.0433348999882582,0.0562508750081178,0.2264259413016348,,,,,0.0937514230894381,,,,,,,,
143,2,searchRecipe,0.0505567666967787,0.2635361319634065,0.0166709999903105,0.05463088888144629,0.15652773998153752,,,,,0.117226449997785,,,,,,,,
106,1,searchRecipe,0.07916941667281191,0.3487368156449956,0.0350015999996685,0.0233342999999877,0.18223544071945752,,,,,0.0576407500217707,,,,,,,,
316,0,searchRecipe,0.0611131666907264,0.17056053335545562,0.0222221666384333,0.0222229999975146,0.172509684101758,,,,,0.0533359000110067,,,,,,,,
139,2,searchRecipe,0.1020897499999288,0.43826000357110223,0.0666689999995166,0.0736034444452241,0.3960687043006818,,,,,0.0888917222216857,,,,,,,,
136,2,getBackCommand2,0.0741719999350606,0.0901813929168773,,,,,,,0.3048791250718444,0.0523821428817297,,0.050000499933958,,,,,,
166,1,getBackCommand2,0.0444511666622322,0.0800048999837598,,,,,,,0.1295111666743952,0.0792910661445656,,0.0166665000142529,,,,,,
319,0,getBackCommand2,0.0,0.0,,,,,,,0.04999199986923471,0.0,,0.0,,,,,,
310,2,getBackCommand2,0.0,0.0,,,,,,,0.0,0.0,,0.0,,,,,,
313,2,getBackCommand2,0.068058166669895,0.12223002559785978,,,,,,,0.1714356571315354,0.1166703333486414,,0.0,,,,,,
133,1,getBackCommand2,0.1208347474704637,0.08815940357172819,,,,,,,0.050004000077024,0.0333330000285059,,0.0428648569754191,,,,,,
314,1,getBackCommand2,0.1000056999851949,0.06667133331454039,,,,,,,0.17222866663845093,0.0444446666612445,,0.0166669999889563,,,,,,
136,0,clearFieldersFromField,0.0500011249678209,0.11639183897059399,,,0.11251291677278119,,,,,,,0.0,,,,,,
176,2,clearFieldersFromField,0.1000013999640941,0.2083484997773275,,,0.1781908545262094,,,,,,,0.0,,,,,,
155,2,clearFieldersFromField,0.0555570000045312,0.4062822334045663,,,0.43383594178740115,,,,,,,0.0,,,,,,
117,2,clearFieldersFromField,0.0295456363554959,0.1350030000612604,,,0.0583340000594034,,,,,,,0.0250004999979864,,,,,,
166,2,clearFieldersFromField,0.0,0.0666700000874698,,,0.1602859666648629,,,,,,,0.0,,,,,,
317,0,clearFieldersFromField,0.0312515312489267,0.14193886583359488,,,0.2540118970352395,,,,,,,0.0185185555666167,,,,,,
168,0,clearFieldersFromField,0.024998000008054,0.10861373331863419,,,0.1916675000102257,,,,,,,0.0366688000038266,,,,,,
319,0,clearFieldersFromField,0.0,0.0,,,0.0333239999599754,,,,,,,0.0,,,,,,
182,0,clearFieldersFromField,0.0453734444518987,0.0333380000083707,,,0.0708354999951552,,,,,,,0.0166670000180602,,,,,,
310,2,clearFieldersFromField,0.0,0.0,,,0.0,,,,,,,0.0,,,,,,
129,0,clearFieldersFromField,0.0750025000015739,0.1590308333737386,,,0.23750674986513298,,,,,,,0.0458370000123977,,,,,,
111,2,clearFieldersFromField,0.14206853570829558,0.0,,,0.0,,,,,,,0.0,,,,,,
313,2,clearFieldersFromField,0.1294542499953725,0.1519914285542206,,,0.2292986060558835,,,,,,,0.0,,,,,,
315,0,clearFieldersFromField,0.03334399999585,0.08333349996246381,,,0.08334100003412451,,,,,,,0.0,,,,,,
133,0,clearFieldersFromField,0.0416694444138556,0.306641848500338,,,0.1916662497678771,,,,,,,0.0,,,,,,
143,0,clearFieldersFromField,0.0508359999977983,0.1450057999929412,,,0.1166736667122068,,,,,,,0.0,,,,,,
311,1,clearFieldersFromField,0.0708375000685919,0.26817783340363954,,,0.09722600002229831,,,,,,,0.0,,,,,,
314,2,clearFieldersFromField,0.0250014166595065,0.0,,,0.0,,,,,,,0.0,,,,,,
106,0,clearFieldersFromField,0.103506210518964,0.14659432159503238,,,0.2402928333055264,,,,,,,0.0,,,,,,
318,2,clearFieldersFromField,0.0500029999917993,0.0,,,0.0,,,,,,,0.0,,,,,,
147,1,clearFieldersFromField,0.034376624993456,0.09551779998358899,,,0.107227000101314,,,,,,,0.0,,,,,,
191,0,clearFieldersFromField,0.0405820000046135,0.1790525725586153,,,0.2523951666357569,,,,,,,0.0466690000146627,,,,,,
189,2,clearFieldersFromField,0.0,0.0,,,0.0,,,,,,,0.0,,,,,,
316,0,clearFieldersFromField,0.0430581666587386,0.0750034999800845,,,0.0833410000195725,,,,,,,0.0,,,,,,
312,0,clearFieldersFromField,0.0,0.1499920000787824,,,0.0333358000265434,,,,,,,0.0,,,,,,
139,2,clearFieldersFromField,0.0530320000000508,0.2682057791206523,,,0.43334379999966227,,,,,,,0.0555566666668407,,,,,,
155,2,liesBetween,0.038890499990278105,0.6435292526466135,0.041671666665934,,,,,,,0.2666781999578231,,,,,,,,
186,2,liesBetween,0.0,0.0,0.0,,,,,,,0.0,,,,,,,,
313,0,liesBetween,0.0666689444478833,0.3805654667036521,0.0861161666592426,,,,,,,0.0333339999779127,,,,,,,,
311,1,liesBetween,0.0500004999921657,0.61624132604032,0.1166717501182574,,,,,,,0.1361160000087692,,,,,,,,
314,2,liesBetween,0.08333590000693211,0.33418481665187993,0.150004666657575,,,,,,,0.0166660000104457,,,,,,,,
316,0,liesBetween,0.0755031709419961,0.1772240043060399,0.1166709999088197,,,,,,,0.0777813333552329,,,,,,,,
312,0,liesBetween,0.0388913333493595,0.0677752333382764,0.050003999844193306,,,,,,,0.0166660000104457,,,,,,,,
139,1,liesBetween,0.0821448000004237,0.730391105195533,0.1474328506498288,,,,,,,0.2688183857141665,,,,,,,,
136,2,invalidateSession,0.0379613333433452,,0.0166720000561326,0.0,,0.15417800017166872,0.0783339666745935,0.1444494998237737,,,,,,,,,,0.0333344999235123
176,0,invalidateSession,0.1309076944146201,,0.14000617790346329,0.0,,0.1277776668236279,0.24861899985504932,0.3815769546878678,,,,,,,,,,0.0
182,1,invalidateSession,0.1161175972303478,,0.0,0.0333365000115009,,0.0444433333080571,0.07872224998780941,0.2169918205456471,,,,,,,,,,0.0
139,2,invalidateSession,0.0518529629631235,,0.13229174999969462,0.0285727142854739,,0.37596017202351,0.25376051037555347,0.2895430264701583,,,,,,,,,,0.0
155,2,play,0.0,0.1844510667103652,,,,,,,0.5080789342699282,,,,,,,,,
166,2,play,0.0333339999779127,0.0888843333814292,,,,,,,0.3529797571571214,,,,,,,,,
147,2,play,0.0838923666859045,0.199974053184798,,,,,,,0.2918527321124285,,,,,,,,,
155,2,saveToFile,0.0383334000012837,,0.0,0.0833375000453087,,0.0833373333249862,0.2854318749887169,,,,0.0458339999895542,,,0.0810019599692895,,,,
315,0,saveToFile,0.0333340000361204,,0.0865089999777928,0.1385768939876332,,0.0500016666774172,0.15286160508226943,,,,0.0,,,0.0222226666713443,,,,
136,1,testValidateSeparationCount,0.0666689998004584,,0.0416691999882459,,,0.0166660000104457,0.1763464344867747,,,,0.0388889998042334,0.0,0.2540764165155233,,,,,
186,1,testValidateSeparationCount,0.0333350000437349,,0.0,,,0.0,0.0508364000124856,,,,0.0,0.0,0.0,,,,,
318,1,testValidateSeparationCount,0.016666499999701,,0.0,,,0.0,0.04166849993634961,,,,0.0,0.0166660000104457,0.06666749998112201,,,,,
136,1,setGenJarDir,0.0166580001823604,0.0291670000879094,0.050008000107482,0.115940362474066,0.1751346364586648,0.1016650000121444,0.078614233346242,,,,,,,0.0,,,,
176,1,setGenJarDir,0.1218629855007958,0.1506977831983627,0.2566755856952762,0.2304193083953576,0.3220955834685201,0.1030577667212734,0.1451464167017816,,,,,,,0.0166670000180602,,,,
155,2,setGenJarDir,0.0383333999896422,0.0,0.1972255833388771,0.2437580000259911,0.168987422203645,0.0589300714158785,0.1069506666632756,,,,,,,0.0,,,,
117,1,setGenJarDir,0.1131925523755073,0.0944488332897888,0.120713129597371,0.0888902222052112,0.0541686666159269,0.0083334999944781,0.091471095243746,,,,,,,0.0458369999978458,,,,
166,2,setGenJarDir,0.0416670000413432,0.0166719999397173,0.0812542499625122,0.2036707447749344,0.2283272882683732,0.0731508888873375,0.0682069487386167,,,,,,,0.0194443333505963,,,,
317,1,setGenJarDir,0.0866684667028796,0.1093498332645846,0.0977121333433993,0.1245903608779482,0.1669257244807697,0.0759944881110207,0.0619660255756241,,,,,,,0.0250005000270903,,,,
168,1,setGenJarDir,0.0388899999864709,0.1083299999590962,0.0611156666806587,0.0979137499671195,0.1148166111088355,0.0,0.0,,,,,,,0.0,,,,
319,2,setGenJarDir,0.0,0.0,0.0,0.0,0.0,0.0,0.0,,,,,,,0.0,,,,
186,0,setGenJarDir,0.0,0.0333375000045634,0.0333330000285059,0.0,0.0,0.0,0.0,,,,,,,0.0,,,,
182,1,setGenJarDir,0.1296692231926471,0.049999500013655,0.0952412857233346,0.281685533254252,0.0,0.0,0.0606264083204829,,,,,,,0.0476217142921606,,,,
310,2,setGenJarDir,0.0,0.0333320000208914,0.0,0.0166709999321028,0.0,0.0,0.0,,,,,,,0.0,,,,
129,2,setGenJarDir,0.0569601043385615,0.0962150606439645,0.207878549077856,0.0943500535951378,0.2948988906553936,0.0729215000174006,0.0864125833232676,,,,,,,0.0,,,,
111,1,setGenJarDir,0.1102721785685258,0.0166675000000395,0.1049059117628047,0.2083439999939096,0.1023835238142747,0.0500059999903896,0.1916754999947442,,,,,,,0.0633360000007087,,,,
313,2,setGenJarDir,0.1745672105079344,0.0455588333182579,0.0601884222340433,0.1462266085762294,0.1480602166925865,0.0865514857193504,0.0721988681899594,,,,,,,0.0388909999940854,,,,
315,0,setGenJarDir,0.0352955882348503,0.0916662500239908,0.0794001091398635,0.0708365000173216,0.1389060000074095,0.0547649999997312,0.073959324970201,,,,,,,0.0,,,,
133,2,setGenJarDir,0.0888117904686146,0.0781298124638851,0.125856199123798,0.1281063290216124,0.19334057650401,0.0595267142634838,0.09839937238954,,,,,,,0.0222243333701044,,,,
143,2,setGenJarDir,0.0347718275864688,0.0238101428590848,0.135698750001029,0.1115386922767635,0.11112333330675,0.1104185000076539,0.0703103361299609,,,,,,,0.0,,,,
311,1,setGenJarDir,0.0166670000180602,0.0533350000390782,0.0858369777968618,0.065875595260877,0.1272529999185943,0.0,0.0611160832922905,,,,,,,0.0333340000361204,,,,
106,2,setGenJarDir,0.0,0.0,0.0,0.0,0.0,0.0,0.0,,,,,,,0.0,,,,
318,1,setGenJarDir,0.0999970000120811,0.0,0.0,0.0,0.0,0.0,0.0,,,,,,,0.0,,,,
147,1,setGenJarDir,0.0811440259869838,0.0940501428475337,0.1402099084914165,0.1263845833600497,0.1047659880991669,0.0333343333331868,0.0898483857119731,,,,,,,0.0166659998940303,,,,
191,0,setGenJarDir,0.0866717857707823,0.058887800007748,0.1220480341712983,0.2002101429444291,0.1116672499570993,0.0611123332572685,0.0596336333158735,,,,,,,0.0166670000180602,,,,
189,2,setGenJarDir,0.0,0.1069540936552439,0.0708357916567667,0.1308556727617714,0.2009125604801523,0.064269863636582,0.0486235789470181,,,,,,,0.0,,,,
316,0,setGenJarDir,0.0547827547282103,0.0333390000159852,0.0982619560209158,0.1594499333839241,0.0388909999746829,0.0280005600047297,0.0730960857123136,,,,,,,0.0,,,,
312,2,setGenJarDir,0.0363651212079055,0.0166719999397173,0.027780666675729,0.0661143666385516,0.0,0.0473112258346631,0.0861134126945028,,,,,,,0.0,,,,
139,1,setGenJarDir,0.0822245666672945,0.0647651285713956,0.1570758666668055,0.2398945518556778,0.146775920255987,0.1585223555555177,0.113816400000183,,,,,,,0.0166659999995317,,,,
136,1,getUserNameFromCookie,0.0785768571243221,0.2316673001235659,,0.0700004000216722,0.3516809500482242,,,,,0.0333330000285059,0.0166669997852295,0.0333340000361204,,,,,,
176,2,getUserNameFromCookie,0.0875030000461265,0.1000079999212175,,0.116671249968931,0.3291707500466142,,,,,0.0,0.0,0.2500100000761449,,,,,,
155,0,getUserNameFromCookie,0.0633403999847359,0.1328748333326073,,0.2548420873132442,0.4190246733205102,,,,,0.0500129999709315,0.0,0.0791730000346433,,,,,,
317,2,getUserNameFromCookie,0.0518522222409956,0.0,,0.1500107499450675,0.2638934167916882,,,,,0.0166710000485181,0.0,0.0166670000180602,,,,,,
319,2,getUserNameFromCookie,0.0166690000332891,0.0166929999832063,,0.0416989998775532,0.0500810000812634,,,,,0.0,0.0,0.0,,,,,,
186,2,getUserNameFromCookie,0.0,0.0,,0.0,0.0652843333567336,,,,,0.0,0.0,0.0,,,,,,
182,1,getUserNameFromCookie,0.0208335000061197,0.1833435000153256,,0.281886424955155,0.3685328889178988,,,,,0.0,0.0,0.0,,,,,,
310,2,getUserNameFromCookie,0.0,0.0,,0.0,0.0,,,,,0.0,0.0,0.0,,,,,,
129,2,getUserNameFromCookie,0.0257591818226501,0.1000069999718106,,0.1127831666769148,0.0833386666490695,,,,,0.0,0.0166670000180602,0.0666665000171633,,,,,,
111,2,getUserNameFromCookie,0.2318730000046984,0.2263996666774294,,0.1534975405941845,0.3500115000085007,,,,,0.0166659999958938,0.0,0.0,,,,,,
313,2,getUserNameFromCookie,0.1113970021912981,0.407710693202151,,0.076674799970351,0.5236762877071979,,,,,0.0722266666513556,0.0,0.0,,,,,,
315,0,getUserNameFromCookie,0.033335062496917,0.1900768690677413,,0.1544976394228409,0.3027951249387109,,,,,0.0,0.0333339999779127,0.0222226666519418,,,,,,
133,0,getUserNameFromCookie,0.0906865208154258,0.240851974157612,,0.1703606666398366,0.4402098047552583,,,,,0.0500016666483133,0.0309530000335403,0.1000040001235902,,,,,,
143,2,getUserNameFromCookie,0.0498095153804079,0.1375054999516575,,0.0735328235211507,0.0833334999886572,,,,,0.0541694999992614,0.0,0.0333340000167178,,,,,,
311,0,getUserNameFromCookie,0.1812550000613555,0.0,,0.1250020000734365,0.0333330000285059,,,,,0.0,0.0,0.0,,,,,,
314,0,getUserNameFromCookie,0.0166660000104457,0.0999980000342474,,0.0333343333234854,0.1527866666583575,,,,,0.0,0.0,0.0,,,,,,
106,2,getUserNameFromCookie,0.0625010833294557,0.0,,0.08055933334496,0.2777913333848116,,,,,0.0,0.0,0.0,,,,,,
318,2,getUserNameFromCookie,0.0,0.0,,0.0,0.0,,,,,0.0,0.0,0.0,,,,,,
147,2,getUserNameFromCookie,0.1301634523912243,0.0500009999377652,,0.1886986071019365,0.2723477810614328,,,,,0.0,0.0166679999092593,0.0,,,,,,
191,1,getUserNameFromCookie,0.0866747000603935,0.2136077000255072,,0.2019274090654849,0.5486343332796373,,,,,0.0,0.0,0.0499970000237226,,,,,,
189,2,getUserNameFromCookie,0.050982294114553,0.0708340000055612,,0.1850064000362179,0.2764080000003251,,,,,0.0,0.0249999999796273,0.0,,,,,,
316,2,getUserNameFromCookie,0.1041732083055345,0.150006500101881,,0.0545533635833469,0.1805619999067854,,,,,0.0166670000180602,0.0333352500310866,0.016671999997925,,,,,,
139,0,getUserNameFromCookie,0.0358995384615179,0.3886026190464988,,0.2030354393922961,0.4363585162239268,,,,,0.0444459999992735,0.0,0.0,,,,,,
168,1,exportXVRL,0.0222246666671708,0.0535730714078193,0.0541669999850757,0.3043177807419628,,0.0604186666411502,0.0342602222291235,,0.050000666679504,,0.0250034999917261,,,0.0,,,,
310,2,exportXVRL,0.0,0.0,0.0,0.1363156071123997,,0.077223133353982,0.0645867499843007,,0.0166695000370964,,0.0,,,0.0,,,,
129,2,exportXVRL,0.075305690889416,0.0,0.0350007999979425,0.398265423732384,,0.0875028750087948,0.0166670000180602,,0.0,,0.0333339999779127,,,0.0,,,,
318,1,exportXVRL,0.0,0.0,0.0250004999979864,0.21549299997527,,0.0,0.0249994999612681,,0.0,,0.0,,,0.0,,,,
147,1,exportXVRL,0.0615226647152346,0.105560333371007,0.059617846057965,0.3455283290745194,,0.0772259333015729,0.0451397499903881,,0.0722268667460108,,0.0374935000145342,,,0.0,,,,
176,2,getRemoteObject,0.0416670000413432,0.0500043333352853,0.0166660000104457,,,,,,,0.0388893333729356,0.0500020000617951,,,,,,,
117,0,getRemoteObject,0.0780175461447259,0.12278506666092029,0.11389183336480821,,,,,,,0.0,0.17917091666701399,,,,,,,
313,2,getRemoteObject,0.0166670000180602,0.0333304999803658,0.0833390000043436,,,,,,,0.0,0.0750029999908292,,,,,,,
314,2,getRemoteObject,0.0416670000122394,0.21668100000048662,0.0250005000270903,,,,,,,0.0166670000180602,0.1204810285890873,,,,,,,
316,0,getRemoteObject,0.11756523244538841,0.15334019998554121,0.045831499970518,,,,,,,0.0,0.0666680000722408,,,,,,,
139,2,getRemoteObject,0.1117109285710501,0.36825006241148595,0.0677116666676435,,,,,,,0.0625007499997991,0.4041709761906441,,,,,,,
136,1,go,0.0333344999235123,0.0416685555699384,0.20667635006830082,,,0.11338933335024509,0.0900393724395875,0.1006653421729997,0.12258429851074351,,0.0,0.0346164615609898,0.0467761290454936,,,,0.0,
176,2,go,0.0499999998137354,0.3272353999937572,0.0,,,0.058336166664958,0.1450412856703179,0.0541677666207153,0.18472957587095357,,0.0,0.0250023999717086,0.0446449285872014,,,,0.0,
155,2,go,0.0,0.25834949998534273,0.0238094285596162,,,0.30000950002189086,0.1592673055428247,0.1427813999704084,0.2883395999902856,,0.0619467666547279,0.1250038333334183,0.0833450000500306,,,,0.0333390000159852,
117,0,go,0.066669000002245,0.096875999959593,0.0666679998976178,,,0.025001499991049,0.0731499166706473,0.11250492853495009,0.9472566666469596,,0.0777834166801766,0.0333349999855272,0.0750033333121488,,,,0.0166669999598525,
166,2,go,0.0,0.1666809998569077,0.1434083750258044,,,0.0666700000874698,0.0416692500002682,0.0416696666274218,0.19639651676795108,,0.0555570000239337,0.0333360000513494,0.0166660000104457,,,,0.0,
317,0,go,0.0250004999979864,0.0357150357387061,0.0,,,0.0833389999752397,0.0944490000062311,0.1055583333266742,0.0708432499959598,,0.0,0.0,0.0,,,,0.0,
168,2,go,0.0,0.0,0.0277778333499251,,,0.0416689999983645,0.0166664999851491,0.0222220000190039,0.0361104999950233,,0.0,0.0500045000226236,0.0250007500289939,,,,0.0,
319,2,go,0.0,0.0,0.0,,,0.0,0.0638926666773233,0.0,0.0,,0.0,0.0,0.0333335000323131,,,,0.0,
186,0,go,0.0,0.100003416679101,0.0166669999598525,,,0.08354789743838731,0.07430791661762559,0.0647098529546329,0.150285038903045,,0.0,0.0166670000180602,0.0166680000023916,,,,0.0,
182,0,go,0.1458425000309943,0.1777860000535534,0.1194494999654124,,,0.0166663333269146,0.10309800000395619,0.0166685000003781,0.0833339999856737,,0.0583404999633785,0.0,0.0416729999851668,,,,0.0,
310,2,go,0.0,0.0,0.0,,,0.0,0.0,0.0,0.0,,0.0,0.0,0.0,,,,0.0,
129,0,go,0.0350005999905988,0.0833345999941229,0.0500004999557858,,,0.08958462503505861,0.0375011666619684,0.0466667999979108,0.1246572083279412,,0.0,0.0166670000180602,0.0666682857388098,,,,0.0,
111,1,go,0.1444479999894004,0.14625955000992671,0.10833849998016361,,,0.1093765000150596,0.11403311410704639,0.1392937857069357,0.050001000005674104,,0.1354292500018345,0.0166669999962323,0.0300023999996483,,,,0.0277773333267153,
313,2,go,0.0,0.0683337499678599,0.0,,,0.09999933333407761,0.1345991969541168,0.0,0.11111541664043499,,0.0333365000115009,0.0,0.016674000013154,,,,0.029168999993999,
315,0,go,0.0499920000438578,0.0708360000862738,0.1513938333082476,,,0.1555608333825752,0.0212121818225238,0.08205161541431699,0.11968008465863411,,0.0,0.0291662500094389,0.0166708333126734,,,,0.0166670000180602,
133,1,go,0.0388896664759764,0.117873422278919,0.2429295999638268,,,0.1265471896719089,0.1196458214378382,0.0666685000178403,0.1569697611099856,,0.0,0.0266660000197589,0.0309033333226883,,,,0.0527823333783696,
143,2,go,0.0539690476074437,0.0166679999965708,0.0250009999726898,,,0.038888999988557604,0.0611183333191242,0.0333340000070165,0.0,,0.0333319999626836,0.0,0.0318207272714723,,,,0.0,
311,1,go,0.0,0.0,0.0,,,0.0166670000180602,0.0749989999458192,0.1083347499952651,0.0,,0.0500010000541806,0.0333330000285059,0.0166660000104457,,,,0.0240753333265375,
314,2,go,0.030001600011019,0.0166673333248278,0.0333359999931417,,,0.0500020000181393,0.0333340000167178,0.15416924998135068,0.0416659999900729,,0.0,0.0166670000180602,0.016666499999701,,,,0.0,
106,1,go,0.0166660000104457,0.06667499998002299,0.0416669999831355,,,0.0437513749857315,0.07083409999177079,0.0277776666674374,0.033332999999402,,0.0,0.0166649999834286,0.0208331666653975,,,,0.0166669999889563,
318,1,go,0.0,0.0166660000104457,0.0500079999619628,,,0.0,0.0,0.0,0.1111160000630964,,0.0,0.0833400000119581,0.0,,,,0.0,
147,1,go,0.0450022999546489,0.1030597999672559,0.11932156062208701,,,0.0583361111219144,0.0969479000279937,0.062502749991836,0.37918114995118213,,0.0472233333469679,0.0249995000194758,0.0261913571406954,,,,0.0,
191,2,go,0.0472209999958673,0.1197639999046389,0.0805650417217595,,,0.1350107999809551,0.0666726666968315,0.0558342249685665,0.0666666665929368,,0.0333319999044761,0.0277783333634336,0.0357646250001077,,,,0.0249999999650754,
189,1,go,0.0166670000180602,0.1130964285631696,0.0666672500010462,,,0.1035779571372715,0.0312511249976523,0.058752450007886994,0.2036443846178354,,0.0166670000180602,0.0333342857193201,0.03148200000093,,,,0.0,
316,2,go,0.0333355000184383,0.0833390000625513,0.1841750833613331,,,0.0166670000180602,0.0354166249962872,0.033341000031214096,0.0388916666464258,,0.0,0.0166672500054119,0.0365099523887259,,,,0.0,
312,0,go,0.0,0.0250004999688826,0.0,,,0.06859680763983081,0.0766688000177964,0.0583364999038167,0.0333334999741055,,0.0,0.0,0.0916700000234413,,,,0.0,
139,0,go,0.0833370000000286,0.1836842499986534,0.196114366667522,,,0.12000843289985551,0.13124696935460028,0.10908765161349679,0.1985301777766329,,0.0944460000003649,0.0666703333333013,0.0500019999997473,,,,0.0666703333329981,
317,2,getClassNameForLookAndFeel,0.0309539999995779,0.0625029999646357,0.0541682499897432,,,,,,0.1150883094818534,0.040009000035933995,,,,,,,,
314,1,getClassNameForLookAndFeel,0.09200335999543299,0.0243586923103206,0.0,,,,,,0.2166797857114162,0.077777999996518,,,,,,,,
106,2,getClassNameForLookAndFeel,0.09140962498440769,0.057911490733170395,0.0500020000035874,,,,,,0.1083387499849776,0.0,,,,,,,,
147,1,getClassNameForLookAndFeel,0.06851431441221689,0.0933011272138999,0.0,,,,,,0.1970687221908719,0.0875068000168539,,,,,,,,
191,0,getClassNameForLookAndFeel,0.08388223513230461,0.0919474166332898,0.033339999965392,,,,,,0.1343773572235865,0.0777796667146806,,,,,,,,
312,0,getClassNameForLookAndFeel,0.0797646428358608,0.10545736354013721,0.1333439999725669,,,,,,0.2368968878049571,0.0847317499283234,,,,,,,,
319,2,getApplicableLaw,0.0166660000104457,0.1616726000560446,0.0,,0.19442460779599563,,,,,0.0444446666709457,0.0,,,,,,,
315,0,getApplicableLaw,0.0671478095281469,0.1578757982450833,0.0276328947388959,,0.18577396231780122,,,,,0.0659748750088813,0.061542600004647105,,,,,,,
168,1,test,0.136113666735279,,,0.2181465799616515,,0.2413950166577702,0.2769896930543296,,,,0.0500046666905594,,,,,,,
311,2,test,0.1225604867058184,,,0.2976192159045141,,0.1202815166984992,0.2324828063711533,,,,0.0214281428405748,,,,,,,
106,1,test,0.2159835833153919,,,0.1444533333124126,,0.0,0.0666679999849291,,,,0.0,,,,,,,
318,2,test,0.0,,,0.0,,0.0,0.0,,,,0.0,,,,,,,
136,2,updateSchema,0.0166660000104457,,0.0392174705972565,,,0.125001500127837,0.0583360000746324,0.0870562307644062,,,0.0583359999582171,,0.0,,,,,
176,0,updateSchema,0.0605571999292199,,0.1216736001428215,,,0.0694466667094578,0.0250030000461265,0.1191739000496453,,,0.1166709999088198,,0.0,,,,,
155,2,updateSchema,0.0,,0.1507938094880608,,,0.0749999999922389,0.0527809999960785,0.2083439999842085,,,0.0500009999959729,,0.137507999985246,,,,,
117,0,updateSchema,0.1579419761893361,,0.076396366659901,,,0.033332999999402,0.0,0.1100025999476201,,,0.0500019999453796,,0.0,,,,,
166,1,updateSchema,0.0,,0.0363117142696864,,,0.1857139999046921,0.036113111108231,0.062490999989677,,,0.0,,0.027779666648712,,,,,
317,0,updateSchema,0.0,,0.0166675000073155,,,0.0333340000070165,0.016669999982696,0.0666719999862834,,,0.0,,0.0,,,,,
168,1,updateSchema,0.0273825714248232,,0.0854211250698425,,,0.016669999982696,0.0,0.0703393095159082,,,0.0166670000180602,,0.0,,,,,
319,0,updateSchema,0.0,,0.0277776666140804,,,0.0333339999779127,0.0208344999991823,0.0333350000437349,,,0.0166669999016448,,0.0,,,,,
186,0,updateSchema,0.0166670000180602,,0.075001000019256,,,0.0666790000395848,0.0,0.070837000006577,,,0.0,,0.0,,,,,
182,0,updateSchema,0.1083345000224653,,0.0944486666121519,,,0.0,0.0,0.1000040000071749,,,0.0,,0.0,,,,,
310,2,updateSchema,0.0,,0.0,,,0.0,0.0,0.0,,,0.0,,0.0,,,,,
129,0,updateSchema,0.0208330000168643,,0.1138911667027665,,,0.0333340000361204,0.0,0.0166670000180602,,,0.0,,0.0,,,,,
111,2,updateSchema,0.0277789999963715,,0.057051692306861,,,0.0,0.0,0.0305556666668659,,,0.0,,0.0,,,,,
313,0,updateSchema,0.0833362499804933,,0.1971248451709885,,,0.308358697003627,0.0166670000180602,0.0907754999976272,,,0.1500044999847886,,0.0,,,,,
315,0,updateSchema,0.0291659999929834,,0.11012594046146,,,0.1388934999122282,0.0333380000665783,0.0645843750316998,,,0.0,,0.0,,,,,
133,0,updateSchema,0.0552798000009108,,0.127354025769119,,,0.1627794668078421,0.0,0.0662514000025111,,,0.0624984999885782,,0.0,,,,,
143,0,updateSchema,0.0680548333378585,,0.1020879166777981,,,0.0388886666623875,0.0,0.0754205000062938,,,0.0,,0.0,,,,,
311,2,updateSchema,0.095732666671467,,0.0722263333542892,,,0.0333352856770423,0.0,0.0743078611081323,,,0.0166660000104457,,0.0,,,,,
314,0,updateSchema,0.0666749999800231,,0.1881666166470189,,,0.3533394610990698,0.0,0.1023233609047106,,,0.0,,0.0,,,,,
318,2,updateSchema,0.0,,0.0,,,0.0,0.0,0.1166690000100061,,,0.0,,0.0,,,,,
147,1,updateSchema,0.0900045800232328,,0.1341696000483351,,,0.058344833300604,0.0380959999913881,0.1001076294846929,,,0.0666693999897688,,0.0333354999893344,,,,,
191,2,updateSchema,0.0958405001147184,,0.087505500006955,,,0.1145849999156778,0.0,0.0666678000241517,,,0.0166689999168738,,0.0,,,,,
189,2,updateSchema,0.027085249996162,,0.1029989885243393,,,0.131671966705471,0.0416676999942865,0.066321854170989,,,0.0,,0.0,,,,,
316,2,updateSchema,0.0838918666665752,,0.1831660379872431,,,0.0166669999792551,0.0,0.0643534166641377,,,0.0,,0.0,,,,,
312,0,updateSchema,0.0166675000218674,,0.0933345000375993,,,0.0944446667563169,0.0,0.0872302666733351,,,0.0,,0.0,,,,,
319,1,createCacheFile,0.0,,0.088897000066936,0.0,,0.0,0.0833323332869137,,,,0.0,,0.0,0.0,,,,
182,2,createCacheFile,0.1325865909007419,,0.2130113214048571,0.2674552303457251,,0.0,0.0333370000007562,,,,0.0472235000246049,,0.0583372500259429,0.0583340000011958,,,,
314,2,createCacheFile,0.1722252916333672,,0.1924178444065746,0.0166669999889563,,0.0,0.0,,,,0.0550005999917629,,0.0,0.0,,,,
147,0,createCacheFile,0.056420024815565004,,0.155281849997118,0.076255133311497,,0.0,0.0,,,,0.044699409098195,,0.0388909166310137,0.0,,,,
316,2,createCacheFile,0.049405988106930906,,0.19739224287165702,0.14704545457341922,,0.0,0.0166660000104457,,,,0.0194468333599312,,0.0055556666532841,0.0,,,,
139,2,createCacheFile,0.15110094736732382,,0.23051368174573927,0.26210714224655407,,0.0166669999998703,0.0166665000006105,,,,0.0638904166662541,,0.0633347999995748,0.0,,,,
166,1,showLatestPlan,0.1083380000200122,,0.0404757143197847,0.1545222082932012,,0.1750059999758377,0.0342621110612526,0.0291674999607494,,0.0166670000180602,0.0499999999301508,0.0,0.0,0.0,0.0,,,
319,2,showLatestPlan,0.0,,0.0,0.0,,0.0,0.0,0.0,,0.0,0.0,0.0,0.0,0.0,0.1500130000058561,,,
111,2,showLatestPlan,0.10310664934444311,,0.0,0.38676568452867155,,0.0541679999951156,0.0333329999848501,0.1083385000019916,,0.0388896666748526,0.0708352499968895,0.0,0.0,0.0,0.0,,,
143,2,showLatestPlan,0.0532659565101114,,0.0166659999813418,0.301683223673259,,0.0,0.0200005999940913,0.0504645833385034,,0.0819450000344658,0.0416695000021718,0.039584999991348,0.0166659999813418,0.0,0.0233335999946575,,,
316,0,showLatestPlan,0.060003622222898706,,0.0541687499789986,0.2527869168625327,,0.0,0.0138886666682083,0.0527806666505056,,0.0416680000198539,0.0,0.0249995000194758,0.0,0.0,0.016665999952238,,,
155,0,removeService,0.11355264613207841,0.0166674999927636,0.1263960000360384,0.1315731818392646,,,,,0.4251230186319025,,,,,,,,,
310,2,removeService,0.0,0.08888966671656812,0.0,0.09999999997671691,,,,,0.0935219444282765,,,,,,,,,
313,2,removeService,0.1030455833339752,0.0222266666532959,0.0833396666566841,0.0823553235206739,,,,,0.4046200095400088,,,,,,,,,
133,0,removeService,0.0763926666917367,0.06458375003421671,0.0654610363172663,0.1096252281380794,,,,,0.2302297809579364,,,,,,,,,
314,1,removeService,0.0888928333394384,0.1638951667167323,0.0500050000264309,0.0,,,,,0.1363854904005934,,,,,,,,,
136,2,BFSdist,0.0379640000173822,0.2460393894969871,0.2222183333942664,0.07103611900293749,0.46209822670759143,,,,0.1286382546013389,,,0.0,,,,,,
176,2,BFSdist,0.0680576667267208,0.14494438096049372,0.1566678000148385,0.07083600002806631,0.8118610862118651,,,,0.0416690000565722,,,0.0,,,,,,
155,0,BFSdist,0.1012545119025854,0.1589758831160231,0.2722353333762534,0.11667619998916029,0.8075808801601817,,,,0.2938185946272399,,,0.0,,,,,,
117,2,BFSdist,0.0166670000180602,0.1297655476595363,0.0166664999851491,0.044447666616178896,0.32375563339640673,,,,0.14306183335914557,,,0.0,,,,,,
166,1,BFSdist,0.0444456667173653,0.1821479998695264,0.0166660000104457,0.0333320000208914,0.8279505189247746,,,,0.2465836473569075,,,0.0,,,,,,
317,1,BFSdist,0.033332999999402,0.28289252562297384,0.0928567143273539,0.0694461666474429,0.6998423827874201,,,,0.28005172504927,,,0.0166670000180602,,,,,,
168,0,BFSdist,0.1288927500210571,0.1230620166626368,0.0250019999948563,0.10833849999471548,0.36712685681888163,,,,0.0,,,0.0,,,,,,
319,0,BFSdist,0.0,0.0,0.0,0.0,0.1222263333620503,,,,0.0166670000180602,,,0.0,,,,,,
182,1,BFSdist,0.0166670000180602,0.1509763499605467,0.0666640000417828,0.1361174999619832,0.4566358048494409,,,,0.1208389999810604,,,0.0,,,,,,
310,1,BFSdist,0.0,0.0,0.0,0.0,0.0,,,,0.0,,,0.0,,,,,,
129,1,BFSdist,0.054565464299230204,0.1065541874969701,0.3902994523578808,0.14321722224068012,0.4015171560901349,,,,0.1369502165791343,,,0.0,,,,,,
111,1,BFSdist,0.016666499992425,0.050000999995972795,0.0,0.1583319999917875,0.5375132499866588,,,,0.0,,,0.0,,,,,,
313,0,BFSdist,0.1222216666598493,0.278966734196262,0.1833440000191331,0.1750090000132331,0.5208427464882595,,,,0.2673135476068374,,,0.0,,,,,,
315,0,BFSdist,0.0617721176274832,0.1400067333287248,0.1625030000577679,0.0,0.3141276971812148,,,,0.0888914167298934,,,0.0,,,,,,
133,1,BFSdist,0.0838905333230892,0.1236134166635261,0.1166631667486701,0.18333899998106062,0.39520280540455094,,,,0.14722841014810942,,,0.0,,,,,,
143,2,BFSdist,0.05625520832351541,0.1041708333699109,0.19972464994061698,0.0740304999955694,0.36506184445331824,,,,0.0527786666643805,,,0.0,,,,,,
311,1,BFSdist,0.0729193749139084,0.1051318077258585,0.12112164448092969,0.1258006523435358,0.3643808167902675,,,,0.0433375998865812,,,0.0,,,,,,
314,1,BFSdist,0.07222400001289,0.11250599998311361,0.0333339999779127,0.0333269999828189,0.19546592421432787,,,,0.0333330000285059,,,0.0,,,,,,
106,1,BFSdist,0.0,0.0,0.0,0.0,0.0666710000077728,,,,0.0,,,0.0,,,,,,
318,1,BFSdist,0.0222239999954278,0.0499984999769367,0.0,0.0,0.0,,,,0.1000080000376328,,,0.0,,,,,,
147,1,BFSdist,0.0384636153466999,0.0291665000258944,0.16172499984154398,0.0233334000222384,0.3963846580792203,,,,0.14443883338632668,,,0.0,,,,,,
191,0,BFSdist,0.0916759999236092,0.1516720667520226,0.0,0.0777833332152414,0.3378000665844102,,,,0.23056283331243288,,,0.0,,,,,,
189,0,BFSdist,0.016668199992273,0.1335813285192538,0.0,0.0386408181749919,0.6139751214749739,,,,0.0916660000220871,,,0.0,,,,,,
316,0,BFSdist,0.0416683333302595,0.0958375833385312,0.19941008331841717,0.033332999999402,0.263312386570532,,,,0.1944479999947359,,,0.0,,,,,,
139,2,BFSdist,0.08740494418625311,0.3567993632692745,0.20983027380961639,0.1069475000009938,0.7785203698479881,,,,0.22572098473089477,,,0.0,,,,,,
136,2,testSetExample,0.0250023334131886,,,0.0740776752105825,,0.1451589091596276,0.1501318939016058,0.0527798333981384,,,,,0.0361093333146224,,,,,0.0166670000180602
311,1,testSetExample,0.1350082999095319,,,0.070137749974189,,0.2694515555566692,0.112782129984504,0.1089155528241664,,,,,0.0348502727204256,,,,,0.0309529523586943
312,0,testSetExample,0.0416690000565722,,,0.1089710605914605,,0.11923381532005078,0.047620000001708296,0.0291676250053569,,,,,0.0,,,,,0.0952730946230223
136,2,setPhoto,0.0788710356240958,0.0638909999591608,0.09815288883530421,0.2570958002586848,,0.0333320000208914,0.056460275012068295,0.0375031666674961,0.26449384607123916,,0.0666736665492256,,,,,,,
117,0,setPhoto,0.0249999999650754,0.2428351211506223,0.0594470333327383,0.0857165714010728,,0.1083349999971687,0.0554747157039659,0.036667999997735,0.2827056587302761,,0.0333354999893344,,,,,,,
166,1,setPhoto,0.0333350000437349,0.0791720000706845,0.05833400003029961,0.098614999927425,,0.0541667500219773,0.16743038961808981,0.0,0.3237627808367719,,0.0333300000056624,,,,,,,
168,0,setPhoto,0.0,0.0,0.0,0.0,,0.0,0.0,0.0,0.095837999950163,,0.0,,,,,,,
182,2,setPhoto,0.0966703999887353,0.14418079993629349,0.0333333333061697,0.14213397226962501,,0.0,0.0,0.1583340000361204,0.3093924305228732,,0.0666644999873824,,,,,,,
129,2,setPhoto,0.0750057367840781,0.18667809998150897,0.0611133333683634,0.020833999995375,,0.0166669999598525,0.0291695000196341,0.0,0.35557016662399565,,0.0,,,,,,,
315,0,setPhoto,0.0583352499816101,0.1041691666032419,0.0437528750044293,0.0500016250152839,,0.0,0.0669442527555824,0.033332999999402,0.3582658142878371,,0.0,,,,,,,
133,1,setPhoto,0.1400082999607547,0.3145766715131075,0.0527787083216632,0.08333624998340369,,0.0555589999227474,0.0820646915797274,0.0444459999756266,0.5553415730667145,,0.0888940000440925,,,,,,,
106,1,setPhoto,0.1022449999805897,0.18350020692131588,0.0416663000098196,0.037504500008556804,,0.0166669999889563,0.07836902563278081,0.0166690000041853,0.3727018542027583,,0.0,,,,,,,
191,1,setPhoto,0.0796334443536275,0.2965731021347301,0.06688239744965879,0.15333886664981639,,0.0222226666907469,0.0820360582062565,0.0416676666548786,0.34912151680161607,,0.0812545250286347,,,,,,,
313,0,listen,0.0291670000005979,0.0249994999903719,,,0.7729652223726501,0.14537867221709638,,0.0666711666757085,,,0.0305566666793311,,,,,,,
315,0,listen,0.0416670000267913,0.0333330000285059,,,0.7237863531757525,0.0666729999356902,,0.0250004999979864,,,0.0444456666591577,,,,,,,
314,2,listen,0.0166679999965708,0.0333339999779127,,,0.6622642882868786,0.0333324999955948,,0.0,,,0.0833384999859844,,,,,,,
168,0,getMenuAdministracion,0.0602288863896815,0.0325761818094179,,,,,,,0.196114066581746,0.0437525000161257,,0.0,,,,,,
129,2,getMenuAdministracion,0.08107522037274881,0.0925972222258227,,,,,,,0.34589606659576805,0.0249999999650754,,0.0583334999973885,,,,,,
313,2,getMenuAdministracion,0.1166695000089627,0.0611132000262538,,,,,,,0.6915286330606455,0.0547630000052907,,0.0249995000194758,,,,,,
314,2,getMenuAdministracion,0.0666682869033719,0.0600033166803768,,,,,,,0.4487735957696706,0.0,,0.0,,,,,,
139,0,getMenuAdministracion,0.0612918387097095,0.1001495263160329,,,,,,,0.4775254783543634,0.0166666000004624,,0.0,,,,,,
168,1,readFromFile,0.0,,0.0,0.0416669999831355,,,0.07332509999396261,0.0166660000104457,,,0.0,,,0.0499990000389516,0.0,,,
311,2,readFromFile,0.0166664999560453,,0.0,0.22732161116437044,,,0.0,0.19167700008256341,,,0.0333333333643774,,,0.0333327499974984,0.0,,,
314,0,readFromFile,0.0619081428532289,,0.0833360000009027,0.5255898242161664,,,0.227792499977416,0.1027806666679679,,,0.0,,,0.0566698000067844,0.016666499999701,,,
191,0,readFromFile,0.08333633339498181,,0.0366682000225409,0.27013553286852,,,0.0250002499960828,0.19772378578948369,,,0.0,,,0.09028083337276849,0.0,,,
189,0,readFromFile,0.0,,0.0208332499896641,0.1301702381024368,,,0.0678587857078776,0.1271742879042276,,,0.0,,,0.0333340000070165,0.0433338000118964,,,
312,0,readFromFile,0.0,,0.0583360000164248,0.22917150004650458,,,0.1312529999413526,0.07000360002275549,,,0.0,,,0.0333329999702982,0.0583389999810606,,,
315,0,getNAGString,0.05178660712096769,0.3284379388946232,0.067860642872152,0.11065301110437631,0.28413300560221355,,,,,0.10417008338360251,,,,,,,,
143,1,getNAGString,0.07113157324401789,0.14167533336391572,0.0500010000323527,0.19751112500525747,0.21514905002695708,,,,,0.0222232222278964,,,,,,,,
147,1,getNAGString,0.0836247380834599,0.1700885529033696,0.0396825475881563,0.0583393332587243,0.3206840897746118,,,,,0.0810358238245714,,,,,,,,
189,1,getNAGString,0.0595290714201316,0.1890803061137577,0.10001099997316479,0.1444538333550249,0.2383830200975177,,,,,0.06987623077106811,,,,,,,,
317,2,makeUniqueParagraphForGlobalWithLength,0.0249997499922756,0.0,0.0333380000083707,0.133333333370198,0.2797754285801643,0.0,0.0200003999867476,0.0,,,,,,,,,,
318,1,makeUniqueParagraphForGlobalWithLength,0.0166664999851491,0.0,0.0,0.0222216666831324,0.0,0.0,0.0,0.0,,,,,,,,,,
117,2,testOneTwoThreeCreateCycle,0.1196474106556185,,,0.1055566666279141,,0.0500009999959729,0.2389973452026464,,,,0.0,,,0.0444456666591577,,,,
166,1,testOneTwoThreeCreateCycle,0.0166695000370964,,,0.2500261668465099,,0.4361188331386069,0.4725198856383071,,,,0.0,,,0.0,,,,
317,2,testOneTwoThreeCreateCycle,0.0813759412301485,,,0.3473091047254942,,0.4649395524072344,0.2343137916648018,,,,0.0698449524019711,,,0.0,,,,
168,1,testOneTwoThreeCreateCycle,0.0666720000444911,,,0.1325054998800622,,0.1437677499488925,0.0886998750221598,,,,0.0250010000308975,,,0.0,,,,
111,1,testOneTwoThreeCreateCycle,0.2150673333276164,,,0.1592717222269531,,0.2409886726248561,0.3682479342414305,,,,0.0,,,0.1291702499984239,,,,
315,0,testOneTwoThreeCreateCycle,0.0641309782905686,,,0.2865850247884843,,0.4807427285349964,0.2972689404442903,,,,0.0166666000150144,,,0.0166660000104457,,,,
143,1,testOneTwoThreeCreateCycle,0.0763923550869061,,,0.2385516083437926,,0.1833510000433305,0.2816969449390826,,,,0.0,,,0.0875044999629607,,,,
314,2,testOneTwoThreeCreateCycle,0.100473545709094,,,0.3980770448213561,,0.2094471499416003,0.3294616092604914,,,,0.040001000004122,,,0.0166669999889563,,,,
312,2,testOneTwoThreeCreateCycle,0.0546318888922946,,,0.438565918409248,,0.4437311332108933,0.38385743476279,,,,0.0,,,0.0,,,,
139,2,testOneTwoThreeCreateCycle,0.0552641578945584,,,0.2983156479800172,,0.2125082333339678,0.4614013980384569,,,,0.0166666666670304,,,0.033333000001221,,,,
155,2,onAttach,0.0,0.080773269247192,,,,0.1309780500043415,0.0657441111203904,0.089686702355504,,0.0509284444463749,,0.14584116663900187,0.0472223333393534,,0.0,,,
117,0,onAttach,0.044445866633517,0.0249989999865647,,,,0.0226204285780633,0.016671999997925,0.0500013333124419,,0.0416665000084321,,0.0,0.0,,0.0,,,
310,2,onAttach,0.0,0.0,,,,0.0,0.0,0.0166670000180602,,0.0166670000180602,,0.0,0.0,,0.0,,,
147,2,onAttach,0.0934140904634701,0.0327389999958021,,,,0.043521111119642,0.0368072916656577,0.0569476666860282,,0.035187333356589,,0.0,0.0375009999552276,,0.0333370000201587,,,
176,0,getBackCommand22,0.1109791248924851,0.1059590000991842,,,,,,,0.2914838092401623,0.0625005000038072,,0.0500024998327716,,,,,,
129,2,getBackCommand22,0.0718782499898224,0.0266678999934811,,,,,,,0.0625017500278772,0.08888900000602,,0.0,,,,,,
139,0,getBackCommand22,0.0527805833333635,0.15332299047746678,,,,,,,0.37783460825377724,0.0761944857142744,,0.1289823409078135,,,,,,
176,2,populateNewList,0.0736143000074661,,,,0.2952859167475252,0.4218645071328082,0.1000023333666225,0.0863099285966849,,,,,0.0458342499914579,,0.0,,,
117,0,populateNewList,0.13510654119309018,,,,0.116672666656086,0.3330198388417813,0.0344450666646783,0.0993858253353265,,,,,0.0601873703762302,,0.0166670000180602,,,
182,2,populateNewList,0.098338000010699,,,,0.4250156666773061,0.2285074284935984,0.0,0.13095864286879072,,,,,0.038890333341745,,0.0,,,
310,2,populateNewList,0.0,,,,0.0333359999931417,0.0939851110419516,0.0361118333336586,0.0166666666821887,,,,,0.0284315294051981,,0.0,,,
111,0,populateNewList,0.1025762867665274,,,,0.17028966666499978,0.3171251289785727,0.1666720000066561,0.07536571428667091,,,,,0.0375012500007869,,0.033332999999402,,,
315,0,populateNewList,0.071490289488697,,,,0.1923673541633532,0.27920941451550263,0.026000439999625,0.0666677073530125,,,,,0.0305571666718201,,0.0,,,
147,1,populateNewList,0.067640285698756,,,,0.2014940714261248,0.2654888810634255,0.0222193332932268,0.08005406819178121,,,,,0.0583354545418511,,0.0,,,
191,2,populateNewList,0.0948461071571467,,,,0.1966749332379547,0.31238130479954,0.0222243333312993,0.0725020000303629,,,,,0.0895847500069066,,0.0,,,
117,0,getEffect,0.0490206470644539,0.13611512510396992,0.0,0.0633370000054128,0.0559551785751993,,,0.0906276249879738,,0.0,,,,,,,,
129,0,getEffect,0.0788091861373781,0.16424291667620589,0.0291712499893037,0.0978128263527697,0.1480526535089169,,,0.0166669999598525,,0.0,,,,,,,,
313,1,getEffect,0.0333334999886574,0.033332499981042804,0.0833310000016354,0.0388896666505994,0.0,,,0.0250024999986635,,0.0722293333383276,,,,,,,,
143,1,getEffect,0.097356460324677,0.0500010000105247,0.0568807301631691,0.107287947573563,0.049999666691292,,,0.0294123823550762,,0.0166663333366159,,,,,,,,
314,2,getEffect,0.0597259999970749,0.2878987284146379,0.0722249999914007,0.1804061097417224,0.21816410118342527,,,0.0576406250002037,,0.0,,,,,,,,
191,2,getEffect,0.0808587262096503,0.19070624154604313,0.0,0.14000930005568057,0.1138909762375985,,,0.0319456666669187,,0.056250250025186604,,,,,,,,
136,1,updateGain,0.1138938333218295,0.0773842143327263,,0.2932442750357285,0.1238496638084243,,,,,,,,,,,,,
155,0,updateGain,0.0763940000227496,0.1166790000279433,,0.6180647499878729,0.2905618666399577,,,,,,,,,,,,,
117,0,updateGain,0.1908782619464631,0.0,,0.258357551227956,0.0388889999788564,,,,,,,,,,,,,
166,2,updateGain,0.0,0.0500084999366663,,0.17084099992644,0.3100205001576487,,,,,,,,,,,,,
317,2,updateGain,0.0,0.1547612856957129,,0.3038971000021165,0.1234891363895835,,,,,,,,,,,,,
168,2,updateGain,0.0916674999753013,0.0666659999988041,,0.0783349999343043,0.0638909999397582,,,,,,,,,,,,,
319,2,updateGain,0.0,0.0,,0.0700028999825008,0.0633365999208762,,,,,,,,,,,,,
186,1,updateGain,0.0,0.0222230000072158,,0.0333339999779127,0.0444441666768397,,,,,,,,,,,,,
182,1,updateGain,0.0895853333155778,0.0,,0.3268636332138573,0.0,,,,,,,,,,,,,
310,1,updateGain,0.0,0.0,,0.0,0.0166679999092593,,,,,,,,,,,,,
129,2,updateGain,0.0681841182030356,0.0500015999889001,,0.530529721832066,0.127780666623342,,,,,,,,,,,,,
111,1,updateGain,0.1055592916691237,0.0777765000069241,,0.5583306527513346,0.2277878333266316,,,,,,,,,,,,,
313,0,updateGain,0.1094734090923641,0.0666664999880593,,0.4488693012692221,0.210800984875286,,,,,,,,,,,,,
315,0,updateGain,0.0500042499770643,0.0333339999779127,,0.3468775332898881,0.0761917142330535,,,,,,,,,,,,,
133,0,updateGain,0.0606756140968124,0.0888919871336277,,0.4978409418670519,0.1700061524054032,,,,,,,,,,,,,
143,2,updateGain,0.0642635999958857,0.0583363333328936,,0.2880872191785322,0.0958360000149695,,,,,,,,,,,,,
314,1,updateGain,0.0416673749969049,0.0722273332939948,,0.2984576502038091,0.0233356000040657,,,,,,,,,,,,,
106,2,updateGain,0.0569472499919356,0.0555626666755415,,0.3590971428466702,0.0833357999431121,,,,,,,,,,,,,
318,1,updateGain,0.0972294999907413,0.0166669999598525,,0.0500050000264309,0.0333354999893344,,,,,,,,,,,,,
147,1,updateGain,0.084102565042364,0.0466667000204324,,0.4009137930223276,0.1250031742542472,,,,,,,,,,,,,
189,2,updateGain,0.0566693999979179,0.1169792963008619,,0.4179984908355223,0.2309647619182384,,,,,,,,,,,,,
316,0,updateGain,0.0886695999326183,0.0,,0.2712663980008621,0.0500089999404735,,,,,,,,,,,,,
312,2,updateGain,0.0629317068619298,0.1107238571275954,,0.4230069301881073,0.030953714291432,,,,,,,,,,,,,
139,0,updateGain,0.1309000877185449,0.1093104480529857,,0.6279725902989177,0.2840427938304771,,,,,,,,,,,,,
155,0,evaluate,0.087499499961268,0.1000040000653825,0.0833359999815002,0.2083425000018905,,,,,,0.0666700000292621,0.0166670000180602,,,,,,,
117,2,evaluate,0.0583350000088103,0.09833330001565621,0.0361108333163429,0.20735027776136683,,,,,,0.0,0.08160175000375591,,,,,,,
317,2,evaluate,0.0,0.0,0.0,0.0,,,,,,0.0,0.0,,,,,,,
319,1,evaluate,0.0,0.0,0.0,0.1875084998609961,,,,,,0.19167349999770522,0.0222223333548754,,,,,,,
186,0,evaluate,0.0,0.0166669999598525,0.0,0.035418249972281005,,,,,,0.0,0.1749979999876813,,,,,,,
314,2,evaluate,0.041666749995783806,0.06666960000875391,0.0758365999790839,0.2218407700059467,,,,,,0.0800992500072525,0.0166669999889563,,,,,,,
182,2,abstractMatrix3D,0.0684554619071561,,0.0,0.11667399996076701,,0.09361286666341269,,0.5427751773688386,,0.0,,0.0400011999998241,,0.217376000000513,0.049999999930150696,,,
310,2,abstractMatrix3D,0.0,,0.0,0.0166680000256747,,0.0,,0.0,,0.0,,0.0333380000665783,,0.0416690000565722,0.0,,,
129,1,abstractMatrix3D,0.0777810000031927,,0.08333700004732231,0.11845531427797591,,0.1416695000564989,,0.42535508291529955,,0.0,,0.0361990000019432,,0.2105591999153448,0.2625105000624897,,,
318,2,abstractMatrix3D,0.0166669999598525,,0.0,0.0,,0.0,,0.0166670000180602,,0.0,,0.0,,0.0,0.0,,,
189,1,abstractMatrix3D,0.016669999982696,,0.0750019999832147,0.0499999999883584,,0.0840289166759853,,0.1847346667054805,,0.0166669999889563,,0.0222238333371933,,0.1055581666150825,0.0,,,
186,2,saveSetting,0.0166660000104457,,0.0166674999927636,,,0.3057679623237243,0.20484428095293133,,,,,,,0.1333386666180254,,,,
133,2,saveSetting,0.116669666681749,,0.0229175000276882,,,0.38115805952388426,0.0694463333735863,,,,,,,0.0277783333634336,,,,
311,2,saveSetting,0.0986163666685266,,0.0,,,0.0250010000017937,0.0,,,,,,,0.0,,,,
189,2,saveSetting,0.0,,0.1083330000110436,,,0.2399114722797941,0.2214342603000989,,,,,,,0.0,,,,
316,2,saveSetting,0.0547650000329927,,0.0222216666637298,,,0.17500849996577,0.0536256521666908,,,,,,,0.0555583333286146,,,,
319,0,isInvalidEmailLink,0.0,,,,,,,,,0.0250024999841116,,0.0,,,,,,
111,2,isInvalidEmailLink,0.1400043999921763,,,,,,,,,0.3895977500020912,,0.0,,,,,,
143,2,isInvalidEmailLink,0.0444463333309007,,,,,,,,,0.0437515000012353,,0.0,,,,,,
318,2,isInvalidEmailLink,0.0,,,,,,,,,0.0,,0.0,,,,,,
319,1,visitRetStmt,0.0,0.0166659998940303,0.0625042499741538,0.0499994999845512,0.1958412500680421,0.1750039999606087,0.0500035000732168,0.0,,,,,,0.0,,,,
315,0,visitRetStmt,0.08148125929895919,0.1000047999667002,0.0240749629684378,0.2516601910670019,0.1453781111566864,0.11186362227645968,0.0200001333413335,0.069092387752548,,,,,,0.0166660000104457,,,,
133,2,visitRetStmt,0.0674250000156462,0.10812376915680191,0.0291692500468343,0.2864511229415671,0.1708371666027231,0.0666729998774826,0.0,0.0650009999517351,,,,,,0.0166670000180602,,,,
191,2,visitRetStmt,0.0508979623796172,0.065148285726392,0.0477797333228712,0.23187132463596433,0.2734924113938247,0.13472685721215022,0.0303040000144392,0.0758245359744329,,,,,,0.0452392857155895,,,,
166,2,testCookieGreaterThan,0.0166669999792551,,,0.050000666679504,,0.2340433273278729,0.2018946461527691,,,,0.0,,,0.049999333336018,,,,
317,0,testCookieGreaterThan,0.0525029000127687,,,0.09653183333769741,,0.1397743975955691,0.12273881666025949,,,,0.0277794999904775,,,0.0,,,,
189,2,testCookieGreaterThan,0.0369060714354938,,,0.0645852500238106,,0.2052578243541432,0.1332751428808216,,,,0.0333340000070165,,,0.0,,,,
136,2,getImageWithSource,0.0309548571406464,0.3291717497853647,0.0,0.0520862498669884,0.0166760000865906,,,,,0.0750024998560547,,,,,,,,
176,0,getImageWithSource,0.1083380001364275,0.3874167346736359,0.0,0.1916770001407711,0.0166670000180602,,,,,0.0,,,,,,,,
155,0,getImageWithSource,0.0555588333227206,0.0750045000459066,0.0,0.0,0.0,,,,,0.0,,,,,,,,
117,0,getImageWithSource,0.056577388896969,0.1083426666446029,0.0,0.0416680000198539,0.0833390000334474,,,,,0.0,,,,,,,,
166,2,getImageWithSource,0.1542897142353466,0.0583330000517889,0.0,0.1583393332742463,0.0583330000517889,,,,,0.0499980000313371,,,,,,,,
317,2,getImageWithSource,0.0400005000061355,0.1777813333513523,0.0333334999741053,0.1018610555491046,0.0833390000043436,,,,,0.1138966666864385,,,,,,,,
168,1,getImageWithSource,0.0541678750159917,0.2294144360863698,0.0576415833444722,0.1266655499319311,0.0666699999710544,,,,,0.0,,,,,,,,
319,2,getImageWithSource,0.0500059999758377,0.1055568333637589,0.0,0.0,0.0,,,,,0.0666699999710545,,,,,,,,
182,1,getImageWithSource,0.1555633333628064,0.0,0.0,0.1388923332948858,0.0,,,,,0.0,,,,,,,,
129,0,getImageWithSource,0.0784444871974976,0.2519932143456699,0.0166669999598525,0.0722233333508483,0.0625016666696562,,,,,0.0,,,,,,,,
111,2,getImageWithSource,0.0,0.0,0.0,0.0,0.0,,,,,0.0,,,,,,,,
313,0,getImageWithSource,0.0487219230786789,0.3119792096678194,0.0166649999882793,0.090001449988631,0.0875045000138924,,,,,0.016669999982696,,,,,,,,
315,0,getImageWithSource,0.0388900666691673,0.2754667406989027,0.0312517500060494,0.0805630000104428,0.1500040000537409,,,,,0.0555630000308155,,,,,,,,
133,2,getImageWithSource,0.077472320129533,0.2129224418439889,0.0305561666221668,0.0816688667206712,0.1055621666406901,,,,,0.0333370000589638,,,,,,,,
143,0,getImageWithSource,0.060354106070008,0.0416675000014946,0.0,0.0805613333262346,0.0166659999813418,,,,,0.0,,,,,,,,
311,0,getImageWithSource,0.0850025500229093,0.1683396500709931,0.0,0.0527781666799758,0.054170750081539,,,,,0.0,,,,,,,,
314,2,getImageWithSource,0.0840712499959729,0.2149871555615272,0.0,0.0444476666452827,0.0666693333866229,,,,,0.0166670000180602,,,,,,,,
106,1,getImageWithSource,0.0961522750236325,0.0933349999948403,0.0,0.0958384999830741,0.1125087500113293,,,,,0.0,,,,,,,,
318,2,getImageWithSource,0.0,0.0,0.0333349999855272,0.0166662500123493,0.0166670000180602,,,,,0.033341999980621,,,,,,,,
147,1,getImageWithSource,0.0899748755621563,0.1708399165945592,0.0499999999301508,0.0847205832833423,0.0857248927059116,,,,,0.0333340000361204,,,,,,,,
191,2,getImageWithSource,0.1131696486342457,0.1352847667100527,0.0333340000361204,0.1053752888834826,0.1305616666019582,,,,,0.0499999999301508,,,,,,,,
189,2,getImageWithSource,0.0648555869657961,0.2060264166171285,0.0200010000087786,0.0631965833429906,0.0166669999889563,,,,,0.0916715000057593,,,,,,,,
316,0,getImageWithSource,0.0893966363668864,0.0499990000389516,0.0,0.067860333340442,0.0555601666759077,,,,,0.0,,,,,,,,
312,0,getImageWithSource,0.084723916700265,0.3819110284526165,0.061906571450111,0.1944424999916613,0.0,,,,,0.0,,,,,,,,
139,0,getImageWithSource,0.0366682000001067,0.4297401833341606,0.0,0.1791616419582251,0.1000040000005051,,,,,0.0,,,,,,,,
136,1,deleteCascade,0.0416678749897982,,0.0833365000241125,,,0.0749999999534338,0.20780924202773432,0.1041672500432468,,,,0.2323547999940012,,,,,,
317,1,deleteCascade,0.043333599972538606,,0.1333409999497234,,,0.23973446261782833,0.100590676232846,0.0435188888869661,,,,0.0742103452787323,,,,,,
319,2,deleteCascade,0.0,,0.0,,,0.066666999948211,0.0,0.0833345000864937,,,,0.0,,,,,,
111,2,deleteCascade,0.11806125000293821,,0.0519255384614762,,,0.0666659999988041,0.2524529964288029,0.077085500000976,,,,0.0888946666624785,,,,,,
143,0,deleteCascade,0.0595850749930832,,0.0395842499929131,,,0.016669999982696,0.1090925227190105,0.09111473334099461,,,,0.10051019481235579,,,,,,
166,2,handleHalt,0.09999750001588831,0.10500186667001479,,,,,0.0361118333336586,,0.1300039000343531,0.1125055000593419,,0.0,0.0166674999636597,,,0.0,,
310,0,handleHalt,0.0,0.0,,,,,0.0,,0.0,0.0,,0.0,0.0,,,0.0,,
189,0,handleHalt,0.0,0.08472800000648309,,,,,0.0500060000049416,,0.0588921333236308,0.12222566668060589,,0.0,0.0,,,0.0604184999829158,,
155,2,testInvoke,0.1361138666805345,,,0.23655171031869368,,0.252784208326678,0.2109143997281449,0.43874594119857757,,,0.0703708888807643,,,,,,,
317,2,testInvoke,0.0438595789478552,,,0.2573146547663432,,0.30918309036166886,0.1416217447025327,0.0166680000256747,,,0.0516686999937518,,,,,,,
111,2,testInvoke,0.0309517142969915,,,0.3031791904774891,,0.0652853333400949,0.13371940416952072,0.1174616190408066,,,0.0277773333218647,,,,,,,
315,0,testInvoke,0.0717971538490532,,,0.179175875004148,,0.27642902378879786,0.1654330762531986,0.0,,,0.0361098333475334,,,,,,,
133,2,testInvoke,0.06930768022424649,,,0.11666700011119241,,0.5680859168448172,0.24404263540408472,0.0406676400173455,,,0.0694460000377148,,,,,,,
311,2,testInvoke,0.0759285555751476,,,0.1458355000359005,,0.0499999999301507,0.10500180004940671,0.0958366250027512,,,0.0666670000646263,,,,,,,
314,1,testInvoke,0.146869937520023,,,0.0499995000282069,,0.3472363333178993,0.16048281063360081,0.058336500020232,,,0.1000002500113623,,,,,,,
318,1,testInvoke,0.0166650000028312,,,0.0,,0.0566677000315394,0.0299986000056378,0.0,,,0.0333354999602306,,,,,,,
147,1,testInvoke,0.058334908987903306,,,0.16389225559735962,,0.137866374577898,0.17840570976702003,0.0683341999712865,,,0.0833396999980322,,,,,,,
191,2,testInvoke,0.0715956590958573,,,0.28364285733135003,,0.1946971092397824,0.16032762088762642,0.0960339523485993,,,0.0555656666401773,,,,,,,
312,1,testInvoke,0.1166690000100061,,,0.0500034999568015,,0.2027866249409269,0.1291679583033934,0.033333999919705,,,0.0,,,,,,,
166,1,compareTo,0.0750069999485274,1.391728500078898,0.0,,,,,,,0.2889081663646111,,,,,,,,
168,1,compareTo,0.0527794444545482,0.1863964667262428,0.0444453333426887,,,,,,,0.100001000042539,,,,,,,,
186,2,compareTo,0.0,0.0,0.0,,,,,,,0.0,,,,,,,,
313,1,compareTo,0.1178587143097371,0.5019662499946804,0.0358990000095218,,,,,,,0.2117527267616772,,,,,,,,
133,2,compareTo,0.09405214291265501,0.2621584974345747,0.0316673999885097,,,,,,,0.1866729998029767,,,,,,,,
314,2,compareTo,0.0166669999889563,0.07777966669527811,0.1000024999957531,,,,,,,0.0,,,,,,,,
106,2,compareTo,0.0,0.0,0.0,,,,,,,0.0,,,,,,,,
136,2,addPKColumn,0.0428584285546094,0.0666720001026986,0.0513911666542601,0.2312562857737894,,0.0333310000132769,0.027777999988757,0.0543666190600821,,,0.0964319285814692,,,,,,,
176,2,addPKColumn,0.1186143666428202,0.1375045002205296,0.085765333273836,0.1297065768844614,,0.0,0.016665999777615,0.0452409999977265,,,0.2131082858291587,,,,,,,
155,2,addPKColumn,0.1244492444235623,0.1531781071285615,0.1133265911396179,0.3637226824844623,,0.0666720000444911,0.0416674285827736,0.0646847142932182,,,0.4020959286696908,,,,,,,
117,2,addPKColumn,0.1264360706823714,0.088098619077798,0.0708554215762335,0.2041744167120969,,0.0,0.0,0.0333339999779127,,,0.0488901999856655,,,,,,,
166,0,addPKColumn,0.0,0.075001666690999,0.0,0.0944459999833877,,0.0,0.025000000023283,0.1250029999064281,,,0.1321474046729105,,,,,,,
317,0,addPKColumn,0.0666755000711417,0.0500012222263548,0.0833430000348016,0.0583391666683987,,0.0166670000180602,0.0,0.0361124999957003,,,0.1588944667135364,,,,,,,
168,2,addPKColumn,0.1166720000037457,0.0666717499989316,0.0555543333563642,0.0608333000069249,,0.0166660000104457,0.0,0.0333384999830741,,,0.1500079231739686,,,,,,,
319,0,addPKColumn,0.0,0.0,0.0,0.0,,0.0,0.0,0.0,,,0.0333347500127274,,,,,,,
186,0,addPKColumn,0.0,0.0166730000055395,0.0,0.0,,0.0,0.0,0.0,,,0.0277781666663941,,,,,,,
182,0,addPKColumn,0.1861184999870601,0.1000050000147892,0.0712169848557095,0.2783412332859973,,0.0,0.0,0.0333335000323131,,,0.0755568667353751,,,,,,,
129,0,addPKColumn,0.0545167500119228,0.1983410000219009,0.0863361200139236,0.2091387381078674,,0.0,0.029166999971494,0.0,,,0.0535735714282574,,,,,,,
111,2,addPKColumn,0.0222259999961049,0.138894799996827,0.0944470000007033,0.0166660000104457,,0.0,0.0833330000023124,0.0,,,0.1125048333318166,,,,,,,
313,0,addPKColumn,0.1169035000311849,0.1000050000438931,0.0799614999947758,0.1392928333038328,,0.0,0.0166729999764356,0.0291682499955641,,,0.3044554166423036,,,,,,,
315,0,addPKColumn,0.0556698199827223,0.0476211428758688,0.049999666691292,0.1867963785180885,,0.0,0.0166705000156071,0.0333320000208914,,,0.1000034999888156,,,,,,,
133,0,addPKColumn,0.0863816423547597,0.0488124285724811,0.0837500824357617,0.20209071677799,,0.0166639999952167,0.0166666666821887,0.0611127777956426,,,0.2349844073195884,,,,,,,
143,2,addPKColumn,0.0287053333272019,0.0333370000007562,0.0495252285876111,0.1000090000064421,,0.0,0.0,0.0249995000194758,,,0.0638893333186084,,,,,,,
311,0,addPKColumn,0.0783372000092639,0.0333340000361204,0.05454590911342,0.2500165416471036,,0.0,0.0,0.033332999999402,,,0.1047674286611643,,,,,,,
314,2,addPKColumn,0.0333350000437349,0.0625054999982239,0.0499989999807439,0.1097891396745215,,0.0,0.0,0.0166670000180602,,,0.0523812857198728,,,,,,,
106,0,addPKColumn,0.0958396111042625,0.0250005000125383,0.0639134769242864,0.0833351666563732,,0.0,0.0,0.0,,,0.0363108571535641,,,,,,,
318,1,addPKColumn,0.0305581666762009,0.0,0.0,0.0166670000180602,,0.0,0.0,0.0166640000534243,,,0.0,,,,,,,
147,1,addPKColumn,0.0421320000055453,0.0666784999775699,0.078158553007983,0.164378387327355,,0.0,0.0166670000180602,0.0249996666874115,,,0.2125121665109567,,,,,,,
191,0,addPKColumn,0.066667333303485,0.0708349999913479,0.0583362500183283,0.1566187061437787,,0.0,0.0,0.0231493333509812,,,0.0583360000164247,,,,,,,
189,2,addPKColumn,0.0375018571357941,0.1111163333698641,0.0249990000156685,0.147388365922432,,0.0166699999972479,0.0,0.0249999999796273,,,0.1450008999760028,,,,,,,
316,0,addPKColumn,0.034092090915444,0.0166660000104457,0.050002307698238,0.0833339999662711,,0.0,0.0,0.0,,,0.0333351999870501,,,,,,,
139,0,addPKColumn,0.155556666666396,0.090476357143026,0.1115122380948118,0.355026594117176,,0.0,0.0166709999994054,0.0,,,0.1721100972233038,,,,,,,
176,0,selectBracketingEntries,0.0989226111517011,,0.07179849238063271,,,0.184532857333709,,0.44832479435200234,,0.133337083311441,0.0833409999031573,0.0524527058690129,0.1619457945750304,,0.0333350000437349,,,
182,2,selectBracketingEntries,0.10611931091190271,,0.1090328666953912,,,0.0,,0.1096325443779479,,0.0458335000148508,0.0233343999832868,0.0333340000070165,0.058336500020232,,0.0333339999779127,,,
133,0,selectBracketingEntries,0.0652790417079812,,0.0826403888996638,,,0.0166680000256747,,0.2989196338733146,,0.0854194500425364,0.0166660000104457,0.0444461111134539,0.1050024499883874,,0.0666663333928833,,,
143,1,selectBracketingEntries,0.0847284999957385,,0.0250025000132154,,,0.0416670000025381,,0.2168384789240917,,0.0277799999942847,0.0249995000194758,0.0214290714294682,0.0570196315514437,,0.0,,,
106,2,selectBracketingEntries,0.0696084117645274,,0.0597190000044064,,,0.0,,0.1456282333383568,,0.0916700000234413,0.161129000034028,0.0,0.0416694444461932,,0.0,,,
191,0,selectBracketingEntries,0.066669499996351,,0.07640241662738839,,,0.0,,0.1918845258893045,,0.0401518182109363,0.0476207142762307,0.0272740000245076,0.0725699083753472,,0.0333370000589638,,,
136,2,equals,0.0,0.0827818667283279,0.050000499933958,0.0974898518348929,,,,,,0.2578122765747085,,,,,,,,
176,0,equals,0.0993118750532933,0.1991750000044703,0.0950032999506219,0.1911375142151622,,,,,,0.2252900166126587,,,,,,,,
155,2,equals,0.2083349999447817,0.2747251428195295,0.0,0.0600603103440993,,,,,,0.461449141501555,,,,,,,,
117,2,equals,0.0703717222301444,0.0,0.0383346000162418,0.0748294583330182,,,,,,0.0333329999702982,,,,,,,,
166,1,equals,0.0250009999726898,0.0416650000261142,0.0333353333019961,0.1101916111074386,,,,,,0.1826568332520156,,,,,,,,
317,1,equals,0.0579367618885865,0.1477814999622445,0.0511136666677581,0.1325496645798274,,,,,,0.2665294429467429,,,,,,,,
168,1,equals,0.0166669999598525,0.0333340000361204,0.0652791666410242,0.1499218042041141,,,,,,0.1604231249099633,,,,,,,,
319,2,equals,0.0,0.0166660000104457,0.0166660000104457,0.0166695000370964,,,,,,0.1166680000023916,,,,,,,,
186,2,equals,0.0,0.0,0.0,0.0,,,,,,0.0,,,,,,,,
182,0,equals,0.0214278571490597,0.2055619666634203,0.0916670000151498,0.0958375000336673,,,,,,0.1152809167445713,,,,,,,,
129,2,equals,0.1069468333929155,0.0500009999959729,0.0904780714564756,0.056250750007166,,,,,,0.0833358000149019,,,,,,,,
111,2,equals,0.2104825142879104,0.0749999999970894,0.0416686250009661,0.0515170909123049,,,,,,0.2083425000067409,,,,,,,,
313,2,equals,0.0771275882280486,0.2229220277747821,0.1190504642768895,0.1404241416596049,,,,,,0.3652420635316736,,,,,,,,
315,2,equals,0.0,0.0,0.0,0.0,,,,,,0.0,,,,,,,,
133,1,equals,0.0466672000009566,0.1132064165819124,0.0902801667107268,0.2024506302890489,,,,,,0.1508444000268353,,,,,,,,
143,1,equals,0.0537525999956414,0.1611234999872973,0.0711867916543268,0.0727837666594293,,,,,,0.1486131666800549,,,,,,,,
311,2,equals,0.0743817173885267,0.2371556857018728,0.1144013636301015,0.0583356666999557,,,,,,0.0619044285766514,,,,,,,,
314,1,equals,0.0958357500094279,0.1458407500103929,0.0777795714259678,0.1867373863747284,,,,,,0.1812582083027031,,,,,,,,
106,2,equals,0.033332250000967,0.0472227333288174,0.018057499997667,0.0692732500319834,,,,,,0.0250004999979864,,,,,,,,
318,1,equals,0.0875037000019801,0.0333330000285059,0.0,0.0222213333084558,,,,,,0.0583367500221356,,,,,,,,
147,1,equals,0.0497388412274182,0.0166670000180602,0.0650019999826325,0.0726080384575319,,,,,,0.0500054999138228,,,,,,,,
191,2,equals,0.0777815000619739,0.1208336667429343,0.0166670000180602,0.1291699333698487,,,,,,0.1335135303314236,,,,,,,,
189,2,equals,0.0447936875061713,0.1224800552419954,0.0583361333299155,0.025926666660881,,,,,,0.2055628333522082,,,,,,,,
316,2,equals,0.0606057272313838,0.1666726667123535,0.1166720000328496,0.0238111428500685,,,,,,0.0,,,,,,,,
139,2,equals,0.1584187307694439,0.2098997897449754,0.0744963333338201,0.1040184997496536,,,,,,0.1637565250013112,,,,,,,,
117,0,createChecklistItem,0.0666699999710544,,0.0166669999598525,0.0,,0.1187555000651626,0.0333330000285059,,,0.2611168333581493,,,,0.1181011714057862,,,,
129,2,createChecklistItem,0.08957265163170941,,0.0700024000019766,0.191303766683106,,0.2359937863792183,0.1150046000334744,,,0.0333400000818072,,,,0.041669166676001596,,,,
313,0,createChecklistItem,0.109900093759279,,0.12000239998451409,0.041666500022984,,0.07291624995923471,0.0222226666713443,,,0.3805786666780474,,,,0.0166660000104457,,,,
314,2,createChecklistItem,0.0308954878092641,,0.0166660000104457,0.08334286666164781,,0.24167400003352651,0.0388879999809431,,,0.0,,,,0.0,,,,
318,1,createChecklistItem,0.0305563333386089,,0.0,0.0472258333369002,,0.0916702500398969,0.0166665000142529,,,0.0,,,,0.0333330000285059,,,,
147,2,createChecklistItem,0.0,,0.0,0.0,,0.0,0.0,,,0.0,,,,0.0,,,,
189,0,createChecklistItem,0.0436798275873899,,0.11722978333030651,0.12390782735852751,,0.2153718627221503,0.0555586666741873,,,0.096879316663641,,,,0.0,,,,
136,1,actionPerformed,0.0342605000154839,0.1332406549032351,0.0333350000437349,0.1997541662700333,0.23487015820185939,,,,0.208795361089812,,,,,,,,,
176,2,actionPerformed,0.1041678333422168,0.2416314517288338,0.0386362727519802,0.0379638888666199,0.3236182499482914,,,,0.46054515938277524,,,,,,,,,
155,0,actionPerformed,0.1059544286274883,0.1101877712127233,0.0277796666681145,0.1377835333036878,0.20655393644027192,,,,0.3608207395735773,,,,,,,,,
117,0,actionPerformed,0.1280338635789864,0.23109289494377971,0.0554187500267289,0.078573000043564,0.0555549999893021,,,,0.2628289875261541,,,,,,,,,
166,2,actionPerformed,0.0,0.1704892917526496,0.1250060000456869,0.1166649998631328,0.26297044448761453,,,,0.31450132603905223,,,,,,,,,
317,0,actionPerformed,0.0466678666649386,0.1197634838239848,0.0437522499851183,0.0766678999832946,0.2615386529545779,,,,0.25241117359806087,,,,,,,,,
168,1,actionPerformed,0.0222213333084558,0.0744469333304246,0.0,0.116671000025235,0.0958350000437348,,,,0.1481591666751125,,,,,,,,,
319,1,actionPerformed,0.0,0.050002666694733,0.0166670000180602,0.0166663333075121,0.10834449995309099,,,,0.13334016668765478,,,,,,,,,
186,0,actionPerformed,0.0166669999598525,0.0970407110658318,0.0416706666583195,0.1378041428147947,0.1815013916372357,,,,0.1551989039119463,,,,,,,,,
182,2,actionPerformed,0.0555583333480171,0.07835923376577811,0.0208335000206716,0.1833447499811881,0.205565333298485,,,,0.22626812876886532,,,,,,,,,
310,1,actionPerformed,0.0166669999598525,0.0416669999831356,0.0,0.0,0.0,,,,0.08611133329880721,,,,,,,,,
129,1,actionPerformed,0.0419446666705577,0.15986596664200362,0.0435191111108805,0.0765179545269347,0.1333339999546295,,,,0.2402852136735268,,,,,,,,,
111,1,actionPerformed,0.13821326993561278,0.2735230771268519,0.0384084782620092,0.13306206666335718,0.43381730553705355,,,,0.2658096444378582,,,,,,,,,
313,0,actionPerformed,0.10694825001701229,0.2394574333467364,0.0291675000044051,0.1611233333339136,0.2208349999831016,,,,0.2282816110661152,,,,,,,,,
315,0,actionPerformed,0.0214291428232432,0.1294120857558611,0.0333337999822106,0.1084453408612396,0.12315303337462741,,,,0.2408305487530875,,,,,,,,,
133,1,actionPerformed,0.0674275844116005,0.1765558761455826,0.0291667500277981,0.0802439124294323,0.15555983320033773,,,,0.1392355914298523,,,,,,,,,
143,2,actionPerformed,0.038892500005507105,0.1885478124768268,0.0308350000035716,0.033333555543019006,0.0583315000258153,,,,0.14824378888200312,,,,,,,,,
311,1,actionPerformed,0.0222223333160703,0.1166705000084927,0.0166670000180602,0.09167183336103331,0.0833354999776928,,,,0.13334099994972332,,,,,,,,,
314,1,actionPerformed,0.055953428562913396,0.2400857619161665,0.043749374985054504,0.14710764393182169,0.2861299999882852,,,,0.22644715478296917,,,,,,,,,
106,2,actionPerformed,0.0296307777785437,0.1219134571205357,0.0233343500018236,0.1133416000375289,0.043331400013994395,,,,0.17847758334039193,,,,,,,,,
318,1,actionPerformed,0.0,0.058333999972091904,0.0,0.0333380000083707,0.0166670000180602,,,,0.0,,,,,,,,,
147,1,actionPerformed,0.0324078333279531,0.138104885641951,0.0493613845991114,0.1608929208519666,0.21986631663069878,,,,0.2147752761829731,,,,,,,,,
191,2,actionPerformed,0.11375543332542279,0.10613762835904081,0.0256965000007767,0.1369104095518454,0.22361620249769937,,,,0.2351845168544213,,,,,,,,,
189,1,actionPerformed,0.0515532965164733,0.1632968049212427,0.0649436206580941,0.14254606293194838,0.24358052224011018,,,,0.213288624392079,,,,,,,,,
316,2,actionPerformed,0.0,0.0,0.0,0.0,0.0,,,,0.0,,,,,,,,,
312,1,actionPerformed,0.0261924285607944,0.12917425000341598,0.0,0.0,0.0250050000031478,,,,0.1231512777740134,,,,,,,,,
139,0,actionPerformed,0.10357333333255761,0.3000571147304546,0.0434537857141289,0.2064449386579193,0.23124620158784015,,,,0.3745542423113289,,,,,,,,,
136,1,messageSent,0.0166670000180602,0.07310873296757389,0.0446999090808359,0.121839965549137,,0.0,,0.0166660000104457,0.2451525144242043,,,,,,,,,
176,2,messageSent,0.0833370000356808,0.1087847855981505,0.0291682500392198,0.120833950024098,,0.0,,0.0888921388411997,0.2705537150411852,,,,,,,,,
155,2,messageSent,0.0,0.11666599998716251,0.0,0.2194521666616699,,0.0,,0.0383323999936692,0.37362489474298033,,,,,,,,,
117,1,messageSent,0.105524649981089,0.1636172833299496,0.0333339999779127,0.0838917999955204,,0.0,,0.03333700002986,0.1304815071580897,,,,,,,,,
166,0,messageSent,0.0500069999834522,0.123615916701965,0.0,0.13167233331672198,,0.0,,0.0845288571602265,0.0699997999705374,,,,,,,,,
317,2,messageSent,0.0266675999970175,0.08333699996001079,0.0222226666907469,0.0333337500196648,,0.0,,0.0333359999931417,0.1750099999917436,,,,,,,,,
168,2,messageSent,0.0,0.0708397499838611,0.01667033333797,0.0,,0.0,,0.0472223333587559,0.1765703061214561,,,,,,,,,
319,2,messageSent,0.0,0.0166660000104457,0.0,0.0166769999777898,,0.0,,0.0333347500127274,0.050006000092253,,,,,,,,,
182,0,messageSent,0.0690994999895337,0.0750015000230631,0.0,0.10883175592607572,,0.0,,0.0666690000022451,0.14166930005303568,,,,,,,,,
310,0,messageSent,0.0,0.0,0.0,0.0,,0.0,,0.0,0.0,,,,,,,,,
129,2,messageSent,0.1299060000199139,0.1159510862084918,0.0166673333151265,0.13444896669049422,,0.0,,0.0350008000037632,0.204329858943798,,,,,,,,,
111,2,messageSent,0.14884386310124,0.1383656499988216,0.0249950000070384,0.1833420000111798,,0.0,,0.0450000499979068,0.4453989771779294,,,,,,,,,
313,0,messageSent,0.0986339880827081,0.1086134351750292,0.0464669393955828,0.1354208166633421,,0.0,,0.0722246111286544,0.3647816703181152,,,,,,,,,
315,2,messageSent,0.072226833338694,0.0555549999698996,0.0452398571235659,0.09167183330282551,,0.0,,0.0351877222193353,0.17236552498604082,,,,,,,,,
133,1,messageSent,0.09325485712560319,0.1146044007836034,0.1125050000846386,0.0701959423649195,,0.0,,0.0500000000465661,0.3673767683932845,,,,,,,,,
143,2,messageSent,0.0,0.0583332499954849,0.0166660000104457,0.0497875384734913,,0.0,,0.0,0.0888928333297371,,,,,,,,,
311,2,messageSent,0.1083801161880589,0.0844473333059188,0.0333350909111852,0.11465042422765462,,0.0,,0.0569474167035271,0.2469104071362658,,,,,,,,,
314,1,messageSent,0.0990820833232847,0.0663664909201376,0.083329999964917,0.0,,0.0,,0.0,0.1531527000104283,,,,,,,,,
106,0,messageSent,0.0541691111041776,0.11112792527313958,0.050835099996766,0.0738177856983382,,0.0,,0.0365396923085567,0.32091758094389794,,,,,,,,,
318,2,messageSent,0.0333340000361204,0.048333999956957904,0.0,0.0333350000437348,,0.0,,0.0166709999903105,0.10606481819360669,,,,,,,,,
147,1,messageSent,0.0775030699325725,0.1002336941720138,0.0479908965544068,0.1723577625652059,,0.0,,0.0704196500126272,0.281942590669548,,,,,,,,,
191,2,messageSent,0.043628588257193096,0.0518148142242575,0.0,0.0920865999282491,,0.0,,0.0,0.2111283332885551,,,,,,,,,
189,2,messageSent,0.0416750000149477,0.0934849717732323,0.0,0.08703958329877211,,0.0166669999889563,,0.0374108043492331,0.1704609895884575,,,,,,,,,
316,2,messageSent,0.0297624999989888,0.07917302493733569,0.0472231666693308,0.1111160000242912,,0.0,,0.0,0.1563248499609468,,,,,,,,,
312,2,messageSent,0.0625022500316845,0.1474935159083483,0.0625004999747034,0.08472649993685369,,0.0,,0.0404784285762746,0.4380403155740901,,,,,,,,,
139,1,messageSent,0.0641698999999789,0.1195991828577409,0.0,0.10694916666438462,,0.0,,0.0166669999998703,0.2007206238117585,,,,,,,,,
136,1,swapItems,0.0416670000413432,0.1805641666287554,0.0166670000180602,,,,,,0.3232729165989437,,,,,,,,,
176,0,swapItems,0.1454925833822924,0.1877895750318807,0.2768175583080542,,,,,,0.4196897601798318,,,,,,,,,
155,0,swapItems,0.0833386666878747,0.1125059999467339,0.1187513333764702,,,,,,0.0500039999606087,,,,,,,,,
117,1,swapItems,0.0626624285841198,0.1253191772424156,0.1321641282015777,,,,,,0.0976867459969415,,,,,,,,,
166,2,swapItems,0.0,0.0233314000070095,0.0,,,,,,0.3176554334563354,,,,,,,,,
317,2,swapItems,0.0300004000193439,0.1416713332776754,0.0833349999156779,,,,,,0.3114090999287627,,,,,,,,,
168,0,swapItems,0.0458340000041061,0.072221333325918,0.0333319999626837,,,,,,0.1586395476520657,,,,,,,,,
319,0,swapItems,0.0,0.0,0.0,,,,,,0.0249984999536536,,,,,,,,,
186,2,swapItems,0.0,0.0,0.0,,,,,,0.0,,,,,,,,,
182,2,swapItems,0.1097239999799057,0.3527923333458601,0.0166689999750815,,,,,,0.0,,,,,,,,,
310,2,swapItems,0.0,0.0,0.0,,,,,,0.0,,,,,,,,,
129,0,swapItems,0.0690509999985806,0.4597360000140418,0.0958370000104574,,,,,,0.2036951165281087,,,,,,,,,
111,2,swapItems,0.1140915158757129,0.592733178966198,0.1116669333277968,,,,,,0.3986250714056253,,,,,,,,,
313,0,swapItems,0.125004000015906,0.1870926000119649,0.1400024000050809,,,,,,0.2333429999998769,,,,,,,,,
315,0,swapItems,0.0208343750055064,0.1779883690580301,0.1012895384606402,,,,,,0.2126319880669357,,,,,,,,,
133,0,swapItems,0.04583525005728,0.1097226666752247,0.052783166601633,,,,,,0.1865092619887682,,,,,,,,,
311,0,swapItems,0.0375013333493067,0.1166697500302689,0.1166706666117534,,,,,,0.2025290367574513,,,,,,,,,
314,2,swapItems,0.0250015000128769,0.0814842222268148,0.0583315000258153,,,,,,0.4147711410015544,,,,,,,,,
106,2,swapItems,0.040231689657205,0.1291055166460862,0.082295125004748,,,,,,0.1677101249406402,,,,,,,,,
318,2,swapItems,0.0800018000300042,0.0833370833618876,0.0555583333286146,,,,,,0.1055631666677071,,,,,,,,,
147,2,swapItems,0.0423630833053417,0.1281324999144997,0.1083434999454765,,,,,,0.3802243540485503,,,,,,,,,
191,0,swapItems,0.1039719285008252,0.1126258143506543,0.1000059999059884,,,,,,0.1069486666140921,,,,,,,,,
189,0,swapItems,0.0916677499990327,0.1316427721401834,0.0642868571532224,,,,,,0.2881413827607051,,,,,,,,,
316,0,swapItems,0.0597270000192413,0.1208360000018728,0.0666649999911896,,,,,,0.0166670000180602,,,,,,,,,
139,2,swapItems,0.2193063684208027,0.7065743529954094,0.1494576386373683,,,,,,0.4313971888412928,,,,,,,,,
310,1,testMoveRFWithNullContainer,0.0,,0.0,0.0,,0.0,0.0,,,0.0200018000090494,0.0,,,0.0,,0.0,,
129,0,testMoveRFWithNullContainer,0.0315486071423427,,0.0333340000070165,0.0968290634651016,,0.0166670000180602,0.0222226666713443,,,0.0666670000064186,0.0416664999793283,,,0.0291667142799789,,0.0,,
316,0,testMoveRFWithNullContainer,0.0904782857396639,,0.0166660000104457,0.1119070713799112,,0.0,0.0333349999273195,,,0.0666684999596327,0.0257591818226501,,,0.0366677999962121,,0.0,,
136,0,testNegativeParseCases,0.0369059999939054,0.0380972856655716,,,0.0924880716465511,,,0.0964345715141722,,,,0.0,,,,0.0,,
176,2,testNegativeParseCases,0.2341757500893436,0.0447933124814881,,,0.33043878507214,,,0.0566678000614047,,,,0.0,,,,0.0,,
155,2,testNegativeParseCases,0.1291719999862834,0.0,,,0.0958364999969489,,,0.1125025000364983,,,,0.0,,,,0.0,,
117,2,testNegativeParseCases,0.1118925999940116,0.0672236000090681,,,0.228706179925603,,,0.0333364999678451,,,,0.0,,,,0.0,,
166,1,testNegativeParseCases,0.0458315000287257,0.060418499924708,,,0.0907442222297605,,,0.0694478333073978,,,,0.0,,,,0.0,,
317,2,testNegativeParseCases,0.0382370588246404,0.0,,,0.1898849642436418,,,0.0479184999931021,,,,0.0166660000104457,,,,0.0,,
168,1,testNegativeParseCases,0.0,0.1208340000011957,,,0.091667333326768,,,0.0,,,,0.0,,,,0.041667499957839,,
186,1,testNegativeParseCases,0.0500010000541806,0.0305571666588851,,,0.071430047616429,,,0.0,,,,0.0,,,,0.0,,
182,0,testNegativeParseCases,0.1363117142942166,0.0458362500357906,,,0.1642403332492295,,,0.0592615555441524,,,,0.0,,,,0.0364596250001341,,
310,1,testNegativeParseCases,0.0,0.0,,,0.0,,,0.0,,,,0.0,,,,0.0,,
129,0,testNegativeParseCases,0.0745864583368527,0.0583378999261184,,,0.1700017999721844,,,0.0638903333456255,,,,0.0,,,,0.0500040000188164,,
111,1,testNegativeParseCases,0.0472248333365617,0.0,,,0.3562624999867693,,,0.0,,,,0.0,,,,0.0,,
315,2,testNegativeParseCases,0.0253347200038842,0.111736999958305,,,0.0918158016150025,,,0.0611123333219438,,,,0.0,,,,0.0,,
133,1,testNegativeParseCases,0.0669094807951926,0.0675971944712928,,,0.1944518609929621,,,0.0,,,,0.0,,,,0.0166665000142529,,
143,2,testNegativeParseCases,0.0865798333511013,0.1275024000235134,,,0.0900017999811096,,,0.0,,,,0.0,,,,0.0,,
311,2,testNegativeParseCases,0.0603273333039223,0.0,,,0.0333329999702982,,,0.0833410000195726,,,,0.0,,,,0.0,,
314,2,testNegativeParseCases,0.0354191250044095,0.1300021999806629,,,0.1547277166561494,,,0.0,,,,0.0,,,,0.0,,
106,1,testNegativeParseCases,0.1071734954705271,0.0576402499937102,,,0.2183221428247952,,,0.0166662499905214,,,,0.0,,,,0.0,,
318,1,testNegativeParseCases,0.0333340000361204,0.0,,,0.0,,,0.0,,,,0.0,,,,0.0,,
191,0,testNegativeParseCases,0.0583356538263614,0.0660755952703766,,,0.1986172498630667,,,0.0708373749803285,,,,0.0,,,,0.0,,
189,1,testNegativeParseCases,0.03194616666345,0.035714285722601,,,0.1546336579363252,,,0.0529764285664505,,,,0.0,,,,0.0,,
316,2,testNegativeParseCases,0.0250000714357676,0.0166669999598525,,,0.0785800000552885,,,0.0166640000534243,,,,0.0,,,,0.0,,
139,0,testNegativeParseCases,0.0606092727269821,0.1153815297612665,,,0.1993544450972536,,,0.1261959047623392,,,,0.0,,,,0.016671999999744,,
136,0,add,0.0166680000256747,0.081251333283338,0.0,0.0666677500121295,0.2913068779770074,,,,0.0,0.0819479999598113,,,,,,,,
176,0,add,0.1199536470792199,0.2059717230263603,0.0520853750058449,0.1151833035608952,0.3250102501478975,,,,0.0,0.0366672000382095,,,,,,,,
155,1,add,0.0166670000180602,0.4790829976555025,0.0,0.090001799975289,0.6711409920760403,,,,0.1183382857322048,0.1044220757806516,,,,,,,,
117,2,add,0.1193420799542216,0.319659134650301,0.0,0.1527813334056795,0.2559633928363573,,,,0.0,0.0916739000182133,,,,,,,,
166,1,add,0.0680610000078255,0.3134713238168927,0.0312517500424291,0.0354177499830257,0.3715580879805857,,,,0.089819111143394,0.1462989920761344,,,,,,,,
317,1,add,0.0333470000186935,0.2353042793790029,0.0500003333824375,0.0,0.1933388999430459,,,,0.0623823713893735,0.1111165000086959,,,,,,,,
168,0,add,0.0300033999956212,0.2706059381501591,0.0,0.0472233333081626,0.218515314300644,,,,0.0333390000159852,0.0697958749733516,,,,,,,,
319,2,add,0.0,0.2555553332398022,0.0,0.0833389999461359,0.3388993332240108,,,,0.0,0.0,,,,,,,,
182,2,add,0.0916717142543001,0.3180521460857039,0.0166665000142529,0.2053582000423613,0.241368456036754,,,,0.041670000005979,0.0730421176515793,,,,,,,,
310,2,add,0.0,0.0166709999321028,0.0,0.0,0.0333330000285059,,,,0.0,0.0,,,,,,,,
129,2,add,0.0527823333492657,0.2633416333798472,0.0472254999913275,0.10833824997826,0.2791762501001357,,,,0.1500070000183767,0.1055586666916496,,,,,,,,
111,1,add,0.1020471666617372,0.1027799166646823,0.0,0.1011939404785758,0.2263919166568178,,,,0.0,0.0,,,,,,,,
313,2,add,0.0940756666752146,0.6095823448099373,0.0250002500033588,0.0444456666737096,0.4380715928687655,,,,0.0725038000222411,0.0055553333368152,,,,,,,,
315,0,add,0.0266666000126861,0.2501409586994821,0.0166669999598525,0.0500004999921656,0.3627473193903111,,,,0.020833250004216,0.1116221571963145,,,,,,,,
133,2,add,0.0702415714040398,0.3313143821184831,0.0250005000270903,0.1283353333051004,0.4264099165071017,,,,0.0811798118246608,0.0798712917021474,,,,,,,,
143,2,add,0.0708359999844105,0.2443229948983147,0.0222231666703009,0.0571449143088621,0.1194477499908921,,,,0.0847249999804059,0.1029784285731563,,,,,,,,
311,1,add,0.0761055185860507,0.1355188332977591,0.0259270000064538,0.0861116666540812,0.0800109999952836,,,,0.0333329999702982,0.0233338999794796,,,,,,,,
314,2,add,0.0433350999868707,0.2893191083703032,0.033332999999402,0.1266728499889722,0.1872543712403661,,,,0.0666700000001583,0.0712991111197172,,,,,,,,
106,2,add,0.0,0.0,0.0,0.0,0.0,,,,0.0,0.0,,,,,,,,
318,1,add,0.0,0.0,0.0,0.0,0.0499970000237226,,,,0.0,0.0,,,,,,,,
147,1,add,0.0549613571562248,0.228612416712955,0.035718142886513,0.0500035000732167,0.1610374334478926,,,,0.0333400000818073,0.0333340000361204,,,,,,,,
191,2,add,0.0527841667062602,0.0734166285821369,0.0,0.0999979999614879,0.2800694213151773,,,,0.0779462941424627,0.041671499959193,,,,,,,,
189,2,add,0.0250039999955333,0.1577500014632619,0.0416684999800053,0.033332999999402,0.2660794285256994,,,,0.0587893454823642,0.0850047666647392,,,,,,,,
316,2,add,0.0222230000072158,0.1097220833762547,0.0250033333431929,0.0583380000316537,0.0444459999950292,,,,0.0,0.0,,,,,,,,
139,2,add,0.1147028909100878,0.2977326730769625,0.0319450833335395,0.1051416666666227,0.3762595666674615,,,,0.1000057500000365,0.099999499999285,,,,,,,,
136,1,appendDeclarations,0.0166660000104457,0.0805599998113595,0.0,,,,,,0.1616477064270938,,,,,,,,,
176,2,appendDeclarations,0.1118872870369899,0.140799242904454,0.0920689523253322,,,,,,0.3883645320037621,,,,,,,,,
155,0,appendDeclarations,0.1159770833376872,0.2267661266463377,0.0977586538669688,,,,,,0.281733276449094,,,,,,,,,
117,2,appendDeclarations,0.0488121071601718,0.0755879473612079,0.0583334999973885,,,,,,0.1227826333022676,,,,,,,,,
166,1,appendDeclarations,0.0,0.0981279000300369,0.0,,,,,,0.4884890012770327,,,,,,,,,
317,2,appendDeclarations,0.068754791667743,0.1038853128336851,0.1040337307898039,,,,,,0.197229987047505,,,,,,,,,
319,1,appendDeclarations,0.0,0.0,0.0,,,,,,0.1666771998628973,,,,,,,,,
186,1,appendDeclarations,0.0670890000357757,0.0627801333321258,0.0712513000296894,,,,,,0.1885643174746145,,,,,,,,,
182,1,appendDeclarations,0.1102810333424713,0.0479196250162203,0.0824586210784648,,,,,,0.0166666666821887,,,,,,,,,
310,0,appendDeclarations,0.0,0.0633350000251083,0.0,,,,,,0.0694450000495028,,,,,,,,,
111,1,appendDeclarations,0.1535091508063948,0.2298700833404531,0.1020859999953243,,,,,,0.0907678749943441,,,,,,,,,
313,1,appendDeclarations,0.0696774583440046,0.0913155585112431,0.0747884220973581,,,,,,0.1540348037100486,,,,,,,,,
315,0,appendDeclarations,0.0349219999847091,0.0723183388970533,0.0703772222364527,,,,,,0.192357719672964,,,,,,,,,
133,2,appendDeclarations,0.0654174500610678,0.0522722727619111,0.0670630952254646,,,,,,0.128341000061482,,,,,,,,,
143,2,appendDeclarations,0.0638902619019582,0.0856252249934184,0.0,,,,,,0.0944270621979225,,,,,,,,,
314,2,appendDeclarations,0.0322229999951863,0.1072956458416834,0.0,,,,,,0.1067552619116169,,,,,,,,,
106,1,appendDeclarations,0.089145060594257,0.0932557619193435,0.0764928928547305,,,,,,0.1205342727440768,,,,,,,,,
318,2,appendDeclarations,0.0208359999960521,0.0875044999847886,0.0250024999841116,,,,,,0.0472220833617029,,,,,,,,,
147,1,appendDeclarations,0.0673105641304012,0.1086246552094335,0.0166669999598525,,,,,,0.1978500265333635,,,,,,,,,
191,1,appendDeclarations,0.0511915713848013,0.1147396332739539,0.0767395832808687,,,,,,0.1366900367987616,,,,,,,,,
189,2,appendDeclarations,0.0,0.0980222797267395,0.0,,,,,,0.1383259819643174,,,,,,,,,
316,0,appendDeclarations,0.0416680500100483,0.1211676949075543,0.0499990000389516,,,,,,0.1079431904903942,,,,,,,,,
139,2,appendDeclarations,0.0608717391300476,0.1493581089197945,0.1177482962949834,,,,,,0.4055641866900094,,,,,,,,,
136,2,getJSplitPane,0.1083358333756526,0.052224333398044,,,,,,,0.5514023333186434,0.0,,,,,,,,
314,1,getJSplitPane,0.10208787500960159,0.0166650000028312,,,,,,,0.1333341666565196,0.0,,,,,,,,
189,2,getJSplitPane,0.0611116078450554,0.0572614166565912,,,,,,,0.45175079165104115,0.0166730000055395,,,,,,,,
176,0,setSecurityMode,0.0692316922986019,0.2083395001245662,0.0571444285700896,,,0.0,0.0683356000110507,0.0249995000194758,,0.0,0.0416674999287352,,0.0375017499900423,0.0,0.0,,,
317,0,setSecurityMode,0.0,0.1805627498591395,0.0249999999941792,,,0.0,0.0500020000035874,0.037501750033698,,0.0277766666517386,0.0944498332974033,,0.0166665000142529,0.0499994999845512,0.0,,,
191,1,setSecurityMode,0.13937276821630729,0.12065570266665089,0.0875085833249612,,,0.0,0.0722291666768593,0.0503003452419458,,0.1166659999871626,0.17222955555836128,,0.0363112857116253,0.0,0.0166660000104457,,,
316,0,setSecurityMode,0.0524843191453057,0.1116692333341535,0.0666670000064186,,,0.0,0.0348497272881848,0.0333349090810357,,0.0,0.0479180000111227,,0.0320998888885326,0.0,0.0,,,
186,2,toString,0.0,0.0749995000175354,,0.016671999997925,,0.18757485021502712,0.0166670000180602,,0.0,0.0,,,,0.0,,,,
143,2,toString,0.0708325000159674,0.0250040000246372,,0.0250005000270903,,0.16833979993680231,0.0333430000173393,,0.0333350000000791,0.0166659999813418,,,,0.0,,,,
311,2,toString,0.10694766662588011,0.1055635000229812,,0.10897561537030209,,0.1611122498579786,0.0958364999678451,,0.0,0.0583355000126175,,,,0.0333310000132769,,,,
318,1,toString,0.0166670000180602,0.058337999944342196,,0.050007000012556,,0.17112409997983657,0.0833380000258329,,0.0499996666330844,0.0,,,,0.0,,,,
176,0,testGetEmail,0.1041694165711912,,,0.2717960705192769,,0.1210338096023492,0.12213285557097839,,,,,0.0,0.0333360000513494,,,,,
317,2,testGetEmail,0.0313732352977454,,,0.1293701785879895,,0.0852830166113561,0.0966791999875566,,,,,0.0,0.0,,,,,
168,1,testGetEmail,0.0208327500149607,,,0.2375465976187286,,0.1064842222646499,0.057248579737210606,,,,,0.0,0.0291687499993713,,,,,
106,2,testGetEmail,0.1122751389048062,,,0.14737588156046813,,0.0727803999965544,0.1069615000063397,,,,,0.0,0.0,,,,,
117,0,getRodinDBStatus,0.0854198749948408,0.0675024999916785,,0.058334500005003,,,,,,0.0833415000452076,,0.0333355833330036,,,,,,
186,0,getRodinDBStatus,0.0,0.1342277380920546,,0.0,,,,,,0.1967292794770718,,0.0583399999595712,,,,,,
182,0,getRodinDBStatus,0.136045880216707,0.1577802332836046,,0.1780960877422738,,,,,,0.0566670000203884,,0.0833375000220257,,,,,,
311,2,getRodinDBStatus,0.1116756000905296,0.0,,0.033333500003209296,,,,,,0.0,,0.0,,,,,,
176,1,store,0.1333379999656851,,0.0770856666883143,0.164751115371473,,0.06666966671279309,0.1291718750144354,0.0966682001948356,,,0.0,,0.0166670000180602,,,,,
317,1,store,0.0,,0.0972253333505552,0.1041688333207274,,0.14365656550043682,0.1282035055798016,0.0833346666768192,,,0.0,,0.0333330000285059,,,,,
168,1,store,0.0333343333137842,,0.0416670000413432,0.1751952000078743,,0.058334566643073404,0.08074382226526111,0.0660079841221135,,,0.0583379999734461,,0.0347224999859463,,,,,
313,0,store,0.08000165002013081,,0.06597643750562071,0.11666949996288149,,0.113365639642595,0.1232849864537972,0.1259339999798813,,,0.0166679999965708,,0.0133344000030774,,,,,
314,2,store,0.09166858333628619,,0.0958329999950364,0.12498456786197482,,0.18592740287110981,0.1591302248502399,0.0843787589209178,,,0.0,,0.0361108333454467,,,,,
106,2,store,0.0666690000216476,,0.082780533309172,0.085004866645128,,0.0750093333287319,0.0672349772701801,0.0604202500083677,,,0.0,,0.0312502499946276,,,,,
139,0,store,0.0995856333332691,,0.1443997543860732,0.1748797090087939,,0.2291500283026719,0.2031332526708354,0.1476463461544335,,,0.0466690666665575,,0.0383354000001418,,,,,
155,0,addRotation,0.0,,0.0,0.4609884833616279,,0.0166669999889563,,0.13889250005013298,,,,,0.0625015000405255,0.0333339999973153,0.0,,,
182,2,addRotation,0.1062014330446977,,0.2465920256188091,0.2710971390036508,,0.0,,0.0,,,,,0.0604192499886266,0.0,0.0,,,
310,2,addRotation,0.0,,0.0,0.0291667499986942,,0.0,,0.0,,,,,0.0,0.0,0.0,,,
111,2,addRotation,0.1570626493440199,,0.1587521999950693,0.4041092857078362,,0.0,,0.0916690000012749,,,,,0.0269241538447274,0.0,0.0,,,
311,1,addRotation,0.1400083998334592,,0.08643105713916659,0.4233061299436448,,0.07569762499285079,,0.0575030000472906,,,,,0.0166675000218674,0.0333345000108238,0.0,,,
191,0,addRotation,0.0614458933356217,,0.0868093666620551,0.36113908005220446,,0.0388913333105544,,0.044446222225411,,,,,0.0770849999971687,0.0,0.0,,,
189,0,addRotation,0.0194443333311937,,0.0962970000400673,0.44255973733717047,,0.0166670000180602,,0.0125002499917172,,,,,0.0,0.0333346666658245,0.0333340000361204,,,
312,0,addRotation,0.0,,0.0750059999409131,0.7065371241221815,,0.1250044999954601,,0.0166670000180602,,,,,0.0,0.0,0.0,,,
136,1,goToRegistration,0.0,,,,,0.0666689999634399,0.271043630567274,0.3531271857736142,,,,,,,,,,
319,1,goToRegistration,0.0,,,,,0.0166619999799877,0.0889109999019031,0.3835695002344436,,,,,,,,,,
182,2,goToRegistration,0.0566673000052105,,,,,0.0750025000015738,0.2298695000596731,0.331970334456461,,,,,,,,,,
111,2,goToRegistration,0.1320482142866585,,,,,0.1055556666760819,0.23223115832649122,0.5890103036861327,,,,,,,,,,
106,2,goToRegistration,0.065627250009129,,,,,0.0565497857148458,0.30014087222936897,0.2716692000161855,,,,,,,,,,
182,2,setUpMrj,0.0,0.0,0.0,,,0.0,0.0,0.0,,0.0,0.0,,0.0,,0.0,,,
111,1,setUpMrj,0.08236343333313309,0.0,0.0166730000055395,,,0.08333325001512999,0.1576432499932707,0.0166669999889563,,0.0,0.0,,0.43168600001081336,,0.0500000000029103,,,
143,2,setUpMrj,0.0933400000198161,0.0680620000057387,0.0,,,0.0,0.0537899545306572,0.047917750031046896,,0.045835500000976,0.0416659999755211,,0.09306166668968549,,0.0,,,
316,2,setUpMrj,0.08958666071599239,0.0566676571150309,0.0,,,0.0,0.0,0.1041247293846133,,0.0,0.0,,0.0664126769227619,,0.0,,,
312,2,setUpMrj,0.0301604761819665,0.1133355999598278,0.0,,,0.07222599997961271,0.0583334999973885,0.0934568214912099,,0.0750020000850781,0.0,,0.0500050000070283,,0.0,,,
139,0,setUpMrj,0.0552805666667457,0.12448179166638801,0.1750019999999494,,,0.0777833333331726,0.0535730000013115,0.0944531666667291,,0.0520847500006311,0.0,,0.35093854166767496,,0.0500009999996109,,,
